Date,Open,High,Low,Close,__source_file
2013-01-01,79.62,79.85,79.58,79.77,Download Data - INDEX_US_IFUS_DXY_2013.csv
2013-01-02,79.76,79.93,79.28,79.85,Download Data - INDEX_US_IFUS_DXY_2013.csv
2013-01-03,79.81,80.54,79.8,80.38,Download Data - INDEX_US_IFUS_DXY_2013.csv
2013-01-04,80.55,80.87,80.41,80.5,Download Data - INDEX_US_IFUS_DXY_2013.csv
2013-01-07,80.51,80.68,80.18,80.26,Download Data - INDEX_US_IFUS_DXY_2013.csv
2013-01-08,80.14,80.45,80.11,80.35,Download Data - INDEX_US_IFUS_DXY_2013.csv
2013-01-09,80.37,80.64,80.29,80.56,Download Data - INDEX_US_IFUS_DXY_2013.csv
2013-01-10,80.65,80.67,79.67,79.74,Download Data - INDEX_US_IFUS_DXY_2013.csv
2013-01-11,79.8,79.86,79.44,79.56,Download Data - INDEX_US_IFUS_DXY_2013.csv
2013-01-14,79.54,79.65,79.35,79.49,Download Data - INDEX_US_IFUS_DXY_2013.csv
2013-01-15,79.51,79.87,79.39,79.78,Download Data - INDEX_US_IFUS_DXY_2013.csv
2013-01-16,79.7,79.9,79.61,79.8,Download Data - INDEX_US_IFUS_DXY_2013.csv
2013-01-17,79.82,79.9,79.57,79.65,Download Data - INDEX_US_IFUS_DXY_2013.csv
2013-01-18,79.69,80.19,79.65,80.04,Download Data - INDEX_US_IFUS_DXY_2013.csv
2013-01-21,80.06,80.09,79.91,80.04,Download Data - INDEX_US_IFUS_DXY_2013.csv
2013-01-22,80.05,80.09,79.69,79.87,Download Data - INDEX_US_IFUS_DXY_2013.csv
2013-01-23,79.88,80.13,79.7,79.92,Download Data - INDEX_US_IFUS_DXY_2013.csv
2013-01-24,79.97,80.15,79.86,79.95,Download Data - INDEX_US_IFUS_DXY_2013.csv
2013-01-25,79.99,80.09,79.68,79.75,Download Data - INDEX_US_IFUS_DXY_2013.csv
2013-01-28,79.8,79.93,79.72,79.78,Download Data - INDEX_US_IFUS_DXY_2013.csv
2013-01-29,79.77,79.86,79.52,79.56,Download Data - INDEX_US_IFUS_DXY_2013.csv
2013-01-30,79.58,79.62,79.18,79.28,Download Data - INDEX_US_IFUS_DXY_2013.csv
2013-01-31,79.26,79.37,79.13,79.21,Download Data - INDEX_US_IFUS_DXY_2013.csv
2013-02-01,79.1,79.3,78.92,79.13,Download Data - INDEX_US_IFUS_DXY_2013.csv
2013-02-04,79.19,79.61,79.18,79.55,Download Data - INDEX_US_IFUS_DXY_2013.csv
2013-02-05,79.59,79.79,79.45,79.49,Download Data - INDEX_US_IFUS_DXY_2013.csv
2013-02-06,79.53,79.86,79.49,79.72,Download Data - INDEX_US_IFUS_DXY_2013.csv
2013-02-07,79.76,80.28,79.54,80.19,Download Data - INDEX_US_IFUS_DXY_2013.csv
2013-02-08,80.23,80.28,79.94,80.25,Download Data - INDEX_US_IFUS_DXY_2013.csv
2013-02-11,80.21,80.4,80.11,80.31,Download Data - INDEX_US_IFUS_DXY_2013.csv
2013-02-12,80.37,80.51,79.92,80.11,Download Data - INDEX_US_IFUS_DXY_2013.csv
2013-02-13,80.02,80.18,79.84,80.09,Download Data - INDEX_US_IFUS_DXY_2013.csv
2013-02-14,80.08,80.62,80.05,80.46,Download Data - INDEX_US_IFUS_DXY_2013.csv
2013-02-15,80.42,80.6,80.22,80.58,Download Data - INDEX_US_IFUS_DXY_2013.csv
2013-02-18,80.42,80.6,80.22,80.58,Download Data - INDEX_US_IFUS_DXY_2013.csv
2013-02-19,80.65,80.68,80.43,80.47,Download Data - INDEX_US_IFUS_DXY_2013.csv
2013-02-20,80.38,81.12,80.27,81.07,Download Data - INDEX_US_IFUS_DXY_2013.csv
2013-02-21,81.05,81.51,81.03,81.46,Download Data - INDEX_US_IFUS_DXY_2013.csv
2013-02-22,81.37,81.59,81.17,81.48,Download Data - INDEX_US_IFUS_DXY_2013.csv
2013-02-25,81.61,81.92,81.07,81.67,Download Data - INDEX_US_IFUS_DXY_2013.csv
2013-02-26,81.83,81.95,81.58,81.87,Download Data - INDEX_US_IFUS_DXY_2013.csv
2013-02-27,81.85,81.92,81.5,81.6,Download Data - INDEX_US_IFUS_DXY_2013.csv
2013-02-28,81.52,82.0,81.47,81.95,Download Data - INDEX_US_IFUS_DXY_2013.csv
2013-03-01,81.93,82.51,81.78,82.31,Download Data - INDEX_US_IFUS_DXY_2013.csv
2013-03-04,82.3,82.47,82.16,82.2,Download Data - INDEX_US_IFUS_DXY_2013.csv
2013-03-05,82.13,82.24,81.9,82.09,Download Data - INDEX_US_IFUS_DXY_2013.csv
2013-03-06,82.01,82.6,81.93,82.46,Download Data - INDEX_US_IFUS_DXY_2013.csv
2013-03-07,82.58,82.59,81.96,82.08,Download Data - INDEX_US_IFUS_DXY_2013.csv
2013-03-08,82.11,82.92,82.07,82.7,Download Data - INDEX_US_IFUS_DXY_2013.csv
2013-03-11,82.83,82.83,82.52,82.57,Download Data - INDEX_US_IFUS_DXY_2013.csv
2013-03-12,82.67,82.79,82.41,82.58,Download Data - INDEX_US_IFUS_DXY_2013.csv
2013-03-13,82.56,83.06,82.33,82.89,Download Data - INDEX_US_IFUS_DXY_2013.csv
2013-03-14,82.9,83.17,82.43,82.61,Download Data - INDEX_US_IFUS_DXY_2013.csv
2013-03-15,82.53,82.61,82.05,82.26,Download Data - INDEX_US_IFUS_DXY_2013.csv
2013-03-18,82.86,82.88,82.44,82.69,Download Data - INDEX_US_IFUS_DXY_2013.csv
2013-03-19,82.72,83.1,82.62,82.99,Download Data - INDEX_US_IFUS_DXY_2013.csv
2013-03-20,83.02,83.03,82.57,82.78,Download Data - INDEX_US_IFUS_DXY_2013.csv
2013-03-21,82.83,83.02,82.68,82.74,Download Data - INDEX_US_IFUS_DXY_2013.csv
2013-03-22,82.79,82.83,82.29,82.38,Download Data - INDEX_US_IFUS_DXY_2013.csv
2013-03-25,82.27,82.95,82.15,82.83,Download Data - INDEX_US_IFUS_DXY_2013.csv
2013-03-26,82.85,82.98,82.72,82.88,Download Data - INDEX_US_IFUS_DXY_2013.csv
2013-03-27,82.88,83.3,82.84,83.22,Download Data - INDEX_US_IFUS_DXY_2013.csv
2013-03-28,83.22,83.26,82.83,83.0,Download Data - INDEX_US_IFUS_DXY_2013.csv
2013-03-29,83.22,83.26,82.83,83.0,Download Data - INDEX_US_IFUS_DXY_2013.csv
2013-04-01,83.05,83.18,82.65,82.73,Download Data - INDEX_US_IFUS_DXY_2013.csv
2013-04-02,82.72,82.95,82.49,82.92,Download Data - INDEX_US_IFUS_DXY_2013.csv
2013-04-03,82.9,83.07,82.62,82.72,Download Data - INDEX_US_IFUS_DXY_2013.csv
2013-04-04,82.71,83.49,82.63,82.68,Download Data - INDEX_US_IFUS_DXY_2013.csv
2013-04-05,82.78,82.89,82.27,82.5,Download Data - INDEX_US_IFUS_DXY_2013.csv
2013-04-08,82.7,82.83,82.49,82.75,Download Data - INDEX_US_IFUS_DXY_2013.csv
2013-04-09,82.66,82.7,82.28,82.31,Download Data - INDEX_US_IFUS_DXY_2013.csv
2013-04-10,82.37,82.57,82.23,82.53,Download Data - INDEX_US_IFUS_DXY_2013.csv
2013-04-11,82.55,82.58,82.07,82.25,Download Data - INDEX_US_IFUS_DXY_2013.csv
2013-04-12,82.18,82.49,82.05,82.31,Download Data - INDEX_US_IFUS_DXY_2013.csv
2013-04-15,82.19,82.44,82.12,82.42,Download Data - INDEX_US_IFUS_DXY_2013.csv
2013-04-16,82.29,82.52,81.72,81.75,Download Data - INDEX_US_IFUS_DXY_2013.csv
2013-04-17,81.83,82.7,81.82,82.68,Download Data - INDEX_US_IFUS_DXY_2013.csv
2013-04-18,82.63,82.66,82.35,82.56,Download Data - INDEX_US_IFUS_DXY_2013.csv
2013-04-19,82.56,82.78,82.31,82.71,Download Data - INDEX_US_IFUS_DXY_2013.csv
2013-04-22,82.65,82.91,82.63,82.68,Download Data - INDEX_US_IFUS_DXY_2013.csv
2013-04-23,82.64,83.06,82.52,83.05,Download Data - INDEX_US_IFUS_DXY_2013.csv
2013-04-24,83.08,83.19,82.85,83.05,Download Data - INDEX_US_IFUS_DXY_2013.csv
2013-04-25,82.92,82.94,82.4,82.74,Download Data - INDEX_US_IFUS_DXY_2013.csv
2013-04-26,82.8,82.81,82.39,82.5,Download Data - INDEX_US_IFUS_DXY_2013.csv
2013-04-29,82.4,82.45,82.04,82.15,Download Data - INDEX_US_IFUS_DXY_2013.csv
2013-04-30,82.15,82.27,81.6,81.75,Download Data - INDEX_US_IFUS_DXY_2013.csv
2013-05-01,81.7,81.74,81.33,81.48,Download Data - INDEX_US_IFUS_DXY_2013.csv
2013-05-02,81.6,82.35,81.51,82.22,Download Data - INDEX_US_IFUS_DXY_2013.csv
2013-05-03,82.22,82.52,81.91,82.13,Download Data - INDEX_US_IFUS_DXY_2013.csv
2013-05-06,82.09,82.41,81.98,82.32,Download Data - INDEX_US_IFUS_DXY_2013.csv
2013-05-07,82.34,82.35,82.07,82.25,Download Data - INDEX_US_IFUS_DXY_2013.csv
2013-05-08,82.29,82.32,81.72,81.9,Download Data - INDEX_US_IFUS_DXY_2013.csv
2013-05-09,81.9,82.82,81.78,82.79,Download Data - INDEX_US_IFUS_DXY_2013.csv
2013-05-10,82.75,83.44,82.68,83.14,Download Data - INDEX_US_IFUS_DXY_2013.csv
2013-05-13,83.27,83.36,83.07,83.28,Download Data - INDEX_US_IFUS_DXY_2013.csv
2013-05-14,83.17,83.69,82.96,83.6,Download Data - INDEX_US_IFUS_DXY_2013.csv
2013-05-15,83.59,84.09,83.54,83.83,Download Data - INDEX_US_IFUS_DXY_2013.csv
2013-05-16,83.72,84.0,83.45,83.59,Download Data - INDEX_US_IFUS_DXY_2013.csv
2013-05-17,83.74,84.37,83.73,84.25,Download Data - INDEX_US_IFUS_DXY_2013.csv
2013-05-20,84.17,84.26,83.7,83.74,Download Data - INDEX_US_IFUS_DXY_2013.csv
2013-05-21,83.77,84.2,83.65,83.86,Download Data - INDEX_US_IFUS_DXY_2013.csv
2013-05-22,83.76,84.42,83.46,84.35,Download Data - INDEX_US_IFUS_DXY_2013.csv
2013-05-23,84.36,84.5,83.6,83.8,Download Data - INDEX_US_IFUS_DXY_2013.csv
2013-05-24,83.87,83.96,83.43,83.7,Download Data - INDEX_US_IFUS_DXY_2013.csv
2013-05-27,83.6,83.7,83.51,83.7,Download Data - INDEX_US_IFUS_DXY_2013.csv
2013-05-28,83.65,84.3,83.65,84.1,Download Data - INDEX_US_IFUS_DXY_2013.csv
2013-05-29,84.33,84.37,83.48,83.66,Download Data - INDEX_US_IFUS_DXY_2013.csv
2013-05-30,83.57,83.71,82.98,83.04,Download Data - INDEX_US_IFUS_DXY_2013.csv
2013-05-31,83.07,83.6,83.02,83.38,Download Data - INDEX_US_IFUS_DXY_2013.csv
2013-06-03,83.27,83.38,82.43,82.66,Download Data - INDEX_US_IFUS_DXY_2013.csv
2013-06-04,82.72,82.98,82.6,82.77,Download Data - INDEX_US_IFUS_DXY_2013.csv
2013-06-05,82.84,82.89,82.49,82.59,Download Data - INDEX_US_IFUS_DXY_2013.csv
2013-06-06,82.57,82.68,81.08,81.54,Download Data - INDEX_US_IFUS_DXY_2013.csv
2013-06-07,81.58,81.85,81.09,81.67,Download Data - INDEX_US_IFUS_DXY_2013.csv
2013-06-10,81.88,82.09,81.6,81.65,Download Data - INDEX_US_IFUS_DXY_2013.csv
2013-06-11,81.72,81.75,81.03,81.11,Download Data - INDEX_US_IFUS_DXY_2013.csv
2013-06-12,81.11,81.31,80.75,80.95,Download Data - INDEX_US_IFUS_DXY_2013.csv
2013-06-13,80.85,80.99,80.5,80.75,Download Data - INDEX_US_IFUS_DXY_2013.csv
2013-06-14,80.77,81.01,80.59,80.67,Download Data - INDEX_US_IFUS_DXY_2013.csv
2013-06-17,80.59,80.88,80.53,80.79,Download Data - INDEX_US_IFUS_DXY_2013.csv
2013-06-18,80.64,80.99,80.56,80.75,Download Data - INDEX_US_IFUS_DXY_2013.csv
2013-06-19,80.71,81.5,80.5,81.43,Download Data - INDEX_US_IFUS_DXY_2013.csv
2013-06-20,81.4,82.15,81.27,81.92,Download Data - INDEX_US_IFUS_DXY_2013.csv
2013-06-21,81.72,82.52,81.6,82.32,Download Data - INDEX_US_IFUS_DXY_2013.csv
2013-06-24,82.58,82.84,82.31,82.43,Download Data - INDEX_US_IFUS_DXY_2013.csv
2013-06-25,82.37,82.72,82.24,82.58,Download Data - INDEX_US_IFUS_DXY_2013.csv
2013-06-26,82.62,83.03,82.51,82.98,Download Data - INDEX_US_IFUS_DXY_2013.csv
2013-06-27,82.85,83.17,82.77,82.9,Download Data - INDEX_US_IFUS_DXY_2013.csv
2013-06-28,83.02,83.34,82.76,83.14,Download Data - INDEX_US_IFUS_DXY_2013.csv
2013-07-01,83.23,83.23,82.97,83.05,Download Data - INDEX_US_IFUS_DXY_2013.csv
2013-07-02,82.99,83.61,82.97,83.54,Download Data - INDEX_US_IFUS_DXY_2013.csv
2013-07-03,83.59,83.72,83.09,83.23,Download Data - INDEX_US_IFUS_DXY_2013.csv
2013-07-04,83.15,83.91,83.15,83.23,Download Data - INDEX_US_IFUS_DXY_2013.csv
2013-07-05,83.88,84.53,83.83,84.45,Download Data - INDEX_US_IFUS_DXY_2013.csv
2013-07-08,84.59,84.59,84.15,84.19,Download Data - INDEX_US_IFUS_DXY_2013.csv
2013-07-09,84.33,84.75,84.09,84.58,Download Data - INDEX_US_IFUS_DXY_2013.csv
2013-07-10,84.68,84.73,83.39,84.04,Download Data - INDEX_US_IFUS_DXY_2013.csv
2013-07-11,82.71,83.25,82.42,82.75,Download Data - INDEX_US_IFUS_DXY_2013.csv
2013-07-12,82.78,83.24,82.72,82.99,Download Data - INDEX_US_IFUS_DXY_2013.csv
2013-07-15,82.96,83.46,82.88,83.04,Download Data - INDEX_US_IFUS_DXY_2013.csv
2013-07-16,83.11,83.11,82.4,82.5,Download Data - INDEX_US_IFUS_DXY_2013.csv
2013-07-17,82.56,82.89,82.34,82.71,Download Data - INDEX_US_IFUS_DXY_2013.csv
2013-07-18,82.68,83.03,82.62,82.82,Download Data - INDEX_US_IFUS_DXY_2013.csv
2013-07-19,82.8,82.94,82.52,82.61,Download Data - INDEX_US_IFUS_DXY_2013.csv
2013-07-22,82.5,82.55,82.05,82.22,Download Data - INDEX_US_IFUS_DXY_2013.csv
2013-07-23,82.17,82.38,81.93,81.95,Download Data - INDEX_US_IFUS_DXY_2013.csv
2013-07-24,82.02,82.41,81.94,82.29,Download Data - INDEX_US_IFUS_DXY_2013.csv
2013-07-25,82.34,82.4,81.62,81.97,Download Data - INDEX_US_IFUS_DXY_2013.csv
2013-07-26,81.8,81.83,81.55,81.66,Download Data - INDEX_US_IFUS_DXY_2013.csv
2013-07-29,81.58,81.83,81.5,81.66,Download Data - INDEX_US_IFUS_DXY_2013.csv
2013-07-30,81.71,81.98,81.58,81.83,Download Data - INDEX_US_IFUS_DXY_2013.csv
2013-07-31,81.82,82.19,81.41,81.45,Download Data - INDEX_US_IFUS_DXY_2013.csv
2013-08-01,81.67,82.41,81.61,82.34,Download Data - INDEX_US_IFUS_DXY_2013.csv
2013-08-02,82.34,82.49,81.82,81.91,Download Data - INDEX_US_IFUS_DXY_2013.csv
2013-08-05,81.95,82.09,81.75,81.88,Download Data - INDEX_US_IFUS_DXY_2013.csv
2013-08-06,81.86,81.96,81.51,81.6,Download Data - INDEX_US_IFUS_DXY_2013.csv
2013-08-07,81.57,81.82,81.23,81.29,Download Data - INDEX_US_IFUS_DXY_2013.csv
2013-08-08,81.27,81.36,80.87,80.98,Download Data - INDEX_US_IFUS_DXY_2013.csv
2013-08-09,81.06,81.18,80.94,81.13,Download Data - INDEX_US_IFUS_DXY_2013.csv
2013-08-12,81.11,81.51,81.1,81.33,Download Data - INDEX_US_IFUS_DXY_2013.csv
2013-08-13,81.49,81.88,81.4,81.77,Download Data - INDEX_US_IFUS_DXY_2013.csv
2013-08-14,81.74,81.85,81.61,81.71,Download Data - INDEX_US_IFUS_DXY_2013.csv
2013-08-15,81.64,81.94,81.1,81.18,Download Data - INDEX_US_IFUS_DXY_2013.csv
2013-08-16,81.13,81.4,81.05,81.26,Download Data - INDEX_US_IFUS_DXY_2013.csv
2013-08-19,81.32,81.39,81.14,81.23,Download Data - INDEX_US_IFUS_DXY_2013.csv
2013-08-20,81.27,81.34,80.75,80.91,Download Data - INDEX_US_IFUS_DXY_2013.csv
2013-08-21,80.93,81.41,80.9,81.21,Download Data - INDEX_US_IFUS_DXY_2013.csv
2013-08-22,81.43,81.72,81.38,81.49,Download Data - INDEX_US_IFUS_DXY_2013.csv
2013-08-23,81.5,81.66,81.22,81.36,Download Data - INDEX_US_IFUS_DXY_2013.csv
2013-08-26,81.35,81.51,81.27,81.41,Download Data - INDEX_US_IFUS_DXY_2013.csv
2013-08-27,81.34,81.57,81.11,81.17,Download Data - INDEX_US_IFUS_DXY_2013.csv
2013-08-28,81.13,81.6,81.11,81.43,Download Data - INDEX_US_IFUS_DXY_2013.csv
2013-08-29,81.46,82.07,81.38,81.95,Download Data - INDEX_US_IFUS_DXY_2013.csv
2013-08-30,81.99,82.26,81.89,82.09,Download Data - INDEX_US_IFUS_DXY_2013.csv
2013-09-02,81.99,82.26,81.89,82.09,Download Data - INDEX_US_IFUS_DXY_2013.csv
2013-09-03,82.3,82.52,82.23,82.36,Download Data - INDEX_US_IFUS_DXY_2013.csv
2013-09-04,82.35,82.43,82.08,82.17,Download Data - INDEX_US_IFUS_DXY_2013.csv
2013-09-05,82.2,82.67,82.1,82.63,Download Data - INDEX_US_IFUS_DXY_2013.csv
2013-09-06,82.62,82.63,82.04,82.15,Download Data - INDEX_US_IFUS_DXY_2013.csv
2013-09-09,82.29,82.31,81.7,81.79,Download Data - INDEX_US_IFUS_DXY_2013.csv
2013-09-10,81.83,81.98,81.72,81.82,Download Data - INDEX_US_IFUS_DXY_2013.csv
2013-09-11,81.81,81.94,81.45,81.52,Download Data - INDEX_US_IFUS_DXY_2013.csv
2013-09-12,81.48,81.7,81.36,81.49,Download Data - INDEX_US_IFUS_DXY_2013.csv
2013-09-13,81.53,81.74,81.4,81.45,Download Data - INDEX_US_IFUS_DXY_2013.csv
2013-09-16,81.15,81.31,80.97,81.3,Download Data - INDEX_US_IFUS_DXY_2013.csv
2013-09-17,81.27,81.35,81.11,81.14,Download Data - INDEX_US_IFUS_DXY_2013.csv
2013-09-18,81.16,81.23,80.06,80.24,Download Data - INDEX_US_IFUS_DXY_2013.csv
2013-09-19,80.19,80.45,80.07,80.37,Download Data - INDEX_US_IFUS_DXY_2013.csv
2013-09-20,80.36,80.58,80.3,80.43,Download Data - INDEX_US_IFUS_DXY_2013.csv
2013-09-23,80.39,80.53,80.29,80.45,Download Data - INDEX_US_IFUS_DXY_2013.csv
2013-09-24,80.45,80.62,80.4,80.56,Download Data - INDEX_US_IFUS_DXY_2013.csv
2013-09-25,80.59,80.63,80.29,80.33,Download Data - INDEX_US_IFUS_DXY_2013.csv
2013-09-26,80.37,80.65,80.31,80.52,Download Data - INDEX_US_IFUS_DXY_2013.csv
2013-09-27,80.53,80.59,80.11,80.27,Download Data - INDEX_US_IFUS_DXY_2013.csv
2013-09-30,80.3,80.38,80.03,80.22,Download Data - INDEX_US_IFUS_DXY_2013.csv
2013-10-01,80.26,80.32,79.86,80.14,Download Data - INDEX_US_IFUS_DXY_2013.csv
2013-10-02,80.19,80.28,79.78,79.9,Download Data - INDEX_US_IFUS_DXY_2013.csv
2013-10-03,79.86,79.92,79.63,79.75,Download Data - INDEX_US_IFUS_DXY_2013.csv
2013-10-04,79.75,80.19,79.68,80.12,Download Data - INDEX_US_IFUS_DXY_2013.csv
2013-10-07,80.05,80.14,79.9,79.94,Download Data - INDEX_US_IFUS_DXY_2013.csv
2013-10-08,79.9,80.08,79.84,80.06,Download Data - INDEX_US_IFUS_DXY_2013.csv
2013-10-09,79.88,80.57,79.88,80.38,Download Data - INDEX_US_IFUS_DXY_2013.csv
2013-10-10,80.4,80.6,80.36,80.42,Download Data - INDEX_US_IFUS_DXY_2013.csv
2013-10-11,80.48,80.54,80.24,80.36,Download Data - INDEX_US_IFUS_DXY_2013.csv
2013-10-14,80.34,80.39,80.13,80.26,Download Data - INDEX_US_IFUS_DXY_2013.csv
2013-10-15,80.36,80.7,80.25,80.48,Download Data - INDEX_US_IFUS_DXY_2013.csv
2013-10-16,80.51,80.75,80.28,80.47,Download Data - INDEX_US_IFUS_DXY_2013.csv
2013-10-17,80.54,80.56,79.61,79.65,Download Data - INDEX_US_IFUS_DXY_2013.csv
2013-10-18,79.72,79.76,79.48,79.65,Download Data - INDEX_US_IFUS_DXY_2013.csv
2013-10-21,79.65,79.82,79.64,79.7,Download Data - INDEX_US_IFUS_DXY_2013.csv
2013-10-22,79.74,79.79,79.18,79.23,Download Data - INDEX_US_IFUS_DXY_2013.csv
2013-10-23,79.27,79.39,79.14,79.26,Download Data - INDEX_US_IFUS_DXY_2013.csv
2013-10-24,79.28,79.32,79.08,79.19,Download Data - INDEX_US_IFUS_DXY_2013.csv
2013-10-25,79.2,79.32,79.0,79.19,Download Data - INDEX_US_IFUS_DXY_2013.csv
2013-10-28,79.22,79.38,79.15,79.25,Download Data - INDEX_US_IFUS_DXY_2013.csv
2013-10-29,79.32,79.67,79.29,79.61,Download Data - INDEX_US_IFUS_DXY_2013.csv
2013-10-30,79.64,79.91,79.45,79.78,Download Data - INDEX_US_IFUS_DXY_2013.csv
2013-10-31,79.77,80.27,79.68,80.2,Download Data - INDEX_US_IFUS_DXY_2013.csv
2013-11-01,80.26,80.79,80.25,80.72,Download Data - INDEX_US_IFUS_DXY_2013.csv
2013-11-04,80.7,80.93,80.53,80.55,Download Data - INDEX_US_IFUS_DXY_2013.csv
2013-11-05,80.54,80.81,80.5,80.71,Download Data - INDEX_US_IFUS_DXY_2013.csv
2013-11-06,80.68,80.72,80.38,80.48,Download Data - INDEX_US_IFUS_DXY_2013.csv
2013-11-07,80.53,81.46,80.44,80.85,Download Data - INDEX_US_IFUS_DXY_2013.csv
2013-11-08,80.9,81.48,80.78,81.3,Download Data - INDEX_US_IFUS_DXY_2013.csv
2013-11-11,81.34,81.34,81.06,81.09,Download Data - INDEX_US_IFUS_DXY_2013.csv
2013-11-12,81.12,81.46,81.02,81.19,Download Data - INDEX_US_IFUS_DXY_2013.csv
2013-11-13,81.17,81.28,80.73,80.93,Download Data - INDEX_US_IFUS_DXY_2013.csv
2013-11-14,80.77,81.21,80.74,81.02,Download Data - INDEX_US_IFUS_DXY_2013.csv
2013-11-15,81.05,81.15,80.78,80.85,Download Data - INDEX_US_IFUS_DXY_2013.csv
2013-11-18,80.89,80.92,80.57,80.83,Download Data - INDEX_US_IFUS_DXY_2013.csv
2013-11-19,80.72,80.84,80.56,80.7,Download Data - INDEX_US_IFUS_DXY_2013.csv
2013-11-20,80.58,81.13,80.53,81.11,Download Data - INDEX_US_IFUS_DXY_2013.csv
2013-11-21,81.11,81.29,80.95,81.07,Download Data - INDEX_US_IFUS_DXY_2013.csv
2013-11-22,81.01,81.09,80.64,80.71,Download Data - INDEX_US_IFUS_DXY_2013.csv
2013-11-25,80.7,81.02,80.68,80.92,Download Data - INDEX_US_IFUS_DXY_2013.csv
2013-11-26,80.83,80.9,80.6,80.61,Download Data - INDEX_US_IFUS_DXY_2013.csv
2013-11-27,80.64,80.79,80.48,80.72,Download Data - INDEX_US_IFUS_DXY_2013.csv
2013-11-28,80.73,80.75,80.54,80.58,Download Data - INDEX_US_IFUS_DXY_2013.csv
2013-11-29,80.57,80.68,80.49,80.68,Download Data - INDEX_US_IFUS_DXY_2013.csv
2013-12-02,80.66,80.96,80.5,80.93,Download Data - INDEX_US_IFUS_DXY_2013.csv
2013-12-03,80.89,80.99,80.5,80.62,Download Data - INDEX_US_IFUS_DXY_2013.csv
2013-12-04,80.66,80.91,80.54,80.62,Download Data - INDEX_US_IFUS_DXY_2013.csv
2013-12-05,80.65,80.83,80.23,80.24,Download Data - INDEX_US_IFUS_DXY_2013.csv
2013-12-06,80.31,80.61,80.22,80.32,Download Data - INDEX_US_IFUS_DXY_2013.csv
2013-12-09,80.3,80.33,80.12,80.13,Download Data - INDEX_US_IFUS_DXY_2013.csv
2013-12-10,80.14,80.18,79.84,79.97,Download Data - INDEX_US_IFUS_DXY_2013.csv
2013-12-11,79.98,80.06,79.76,79.89,Download Data - INDEX_US_IFUS_DXY_2013.csv
2013-12-12,79.91,80.25,79.85,80.21,Download Data - INDEX_US_IFUS_DXY_2013.csv
2013-12-13,80.25,80.42,80.16,80.21,Download Data - INDEX_US_IFUS_DXY_2013.csv
2013-12-16,80.22,80.22,79.92,80.07,Download Data - INDEX_US_IFUS_DXY_2013.csv
2013-12-17,80.11,80.28,79.98,80.06,Download Data - INDEX_US_IFUS_DXY_2013.csv
2013-12-18,80.05,80.58,79.81,80.11,Download Data - INDEX_US_IFUS_DXY_2013.csv
2013-12-19,80.5,80.67,80.47,80.63,Download Data - INDEX_US_IFUS_DXY_2013.csv
2013-12-20,80.75,80.83,80.39,80.58,Download Data - INDEX_US_IFUS_DXY_2013.csv
2013-12-23,80.53,80.55,80.32,80.45,Download Data - INDEX_US_IFUS_DXY_2013.csv
2013-12-24,80.45,80.62,80.43,80.53,Download Data - INDEX_US_IFUS_DXY_2013.csv
2013-12-25,80.45,80.62,80.43,80.53,Download Data - INDEX_US_IFUS_DXY_2013.csv
2013-12-26,80.58,80.62,80.45,80.48,Download Data - INDEX_US_IFUS_DXY_2013.csv
2013-12-27,80.5,80.52,79.69,80.39,Download Data - INDEX_US_IFUS_DXY_2013.csv
2013-12-30,80.33,80.43,79.93,80.0,Download Data - INDEX_US_IFUS_DXY_2013.csv
2013-12-31,80.0,80.22,79.97,80.04,Download Data - INDEX_US_IFUS_DXY_2013.csv
2014-01-01,80.0,80.22,79.97,80.04,Download Data - INDEX_US_IFUS_DXY_2013.csv
2020-01-01,96.5,97.1,96.42,96.5,Download Data - INDEX_US_IFUS_DXY_2020.csv
2020-01-02,96.48,96.87,96.43,96.85,Download Data - INDEX_US_IFUS_DXY_2020.csv
2020-01-03,96.79,97.11,96.71,96.84,Download Data - INDEX_US_IFUS_DXY_2020.csv
2020-01-06,96.9,96.9,96.54,96.67,Download Data - INDEX_US_IFUS_DXY_2020.csv
2020-01-07,96.65,97.09,96.62,97.01,Download Data - INDEX_US_IFUS_DXY_2020.csv
2020-01-08,96.83,97.35,96.82,97.3,Download Data - INDEX_US_IFUS_DXY_2020.csv
2020-01-09,97.27,97.56,97.25,97.45,Download Data - INDEX_US_IFUS_DXY_2020.csv
2020-01-10,97.43,97.58,97.3,97.36,Download Data - INDEX_US_IFUS_DXY_2020.csv
2020-01-13,97.35,97.53,97.31,97.35,Download Data - INDEX_US_IFUS_DXY_2020.csv
2020-01-14,97.36,97.56,97.33,97.37,Download Data - INDEX_US_IFUS_DXY_2020.csv
2020-01-15,97.38,97.44,97.16,97.23,Download Data - INDEX_US_IFUS_DXY_2020.csv
2020-01-16,97.18,97.36,97.09,97.32,Download Data - INDEX_US_IFUS_DXY_2020.csv
2020-01-17,97.31,97.66,97.27,97.61,Download Data - INDEX_US_IFUS_DXY_2020.csv
2020-01-20,97.64,97.73,97.58,97.61,Download Data - INDEX_US_IFUS_DXY_2020.csv
2020-01-21,97.63,97.66,97.39,97.53,Download Data - INDEX_US_IFUS_DXY_2020.csv
2020-01-22,97.62,97.69,97.44,97.53,Download Data - INDEX_US_IFUS_DXY_2020.csv
2020-01-23,97.48,97.8,97.43,97.69,Download Data - INDEX_US_IFUS_DXY_2020.csv
2020-01-24,97.72,97.95,97.67,97.85,Download Data - INDEX_US_IFUS_DXY_2020.csv
2020-01-27,97.88,98.0,97.78,97.96,Download Data - INDEX_US_IFUS_DXY_2020.csv
2020-01-28,97.95,98.16,97.9,98.02,Download Data - INDEX_US_IFUS_DXY_2020.csv
2020-01-29,97.95,98.19,97.94,97.99,Download Data - INDEX_US_IFUS_DXY_2020.csv
2020-01-30,98.03,98.07,97.79,97.87,Download Data - INDEX_US_IFUS_DXY_2020.csv
2020-01-31,97.87,97.97,97.35,97.39,Download Data - INDEX_US_IFUS_DXY_2020.csv
2020-02-03,97.37,97.89,97.41,97.8,Download Data - INDEX_US_IFUS_DXY_2020.csv
2020-02-04,97.82,98.01,97.79,97.96,Download Data - INDEX_US_IFUS_DXY_2020.csv
2020-02-05,97.94,98.32,97.9,98.3,Download Data - INDEX_US_IFUS_DXY_2020.csv
2020-02-06,98.29,98.57,98.21,98.5,Download Data - INDEX_US_IFUS_DXY_2020.csv
2020-02-07,98.46,98.72,98.42,98.68,Download Data - INDEX_US_IFUS_DXY_2020.csv
2020-02-10,98.7,98.88,98.6,98.83,Download Data - INDEX_US_IFUS_DXY_2020.csv
2020-02-11,98.86,98.95,98.71,98.72,Download Data - INDEX_US_IFUS_DXY_2020.csv
2020-02-12,98.77,99.05,98.71,99.05,Download Data - INDEX_US_IFUS_DXY_2020.csv
2020-02-13,98.99,99.11,98.85,99.07,Download Data - INDEX_US_IFUS_DXY_2020.csv
2020-02-14,99.12,99.17,99.0,99.12,Download Data - INDEX_US_IFUS_DXY_2020.csv
2020-02-17,99.16,99.21,99.04,99.16,Download Data - INDEX_US_IFUS_DXY_2020.csv
2020-02-18,99.19,99.47,99.14,99.44,Download Data - INDEX_US_IFUS_DXY_2020.csv
2020-02-19,99.43,99.72,99.38,99.71,Download Data - INDEX_US_IFUS_DXY_2020.csv
2020-02-20,99.54,99.91,99.53,99.87,Download Data - INDEX_US_IFUS_DXY_2020.csv
2020-02-21,99.86,99.87,99.23,99.26,Download Data - INDEX_US_IFUS_DXY_2020.csv
2020-02-24,99.34,99.64,99.11,99.36,Download Data - INDEX_US_IFUS_DXY_2020.csv
2020-02-25,99.33,99.39,98.88,98.97,Download Data - INDEX_US_IFUS_DXY_2020.csv
2020-02-26,99.08,99.27,98.91,99.0,Download Data - INDEX_US_IFUS_DXY_2020.csv
2020-02-27,99.02,99.05,98.36,98.51,Download Data - INDEX_US_IFUS_DXY_2020.csv
2020-02-28,98.42,98.66,97.96,98.13,Download Data - INDEX_US_IFUS_DXY_2020.csv
2020-03-02,98.12,98.09,97.18,97.36,Download Data - INDEX_US_IFUS_DXY_2020.csv
2020-03-03,97.56,97.7,96.98,97.15,Download Data - INDEX_US_IFUS_DXY_2020.csv
2020-03-04,97.17,97.59,97.12,97.34,Download Data - INDEX_US_IFUS_DXY_2020.csv
2020-03-05,97.38,97.44,96.52,96.82,Download Data - INDEX_US_IFUS_DXY_2020.csv
2020-03-06,96.61,96.7,95.71,95.95,Download Data - INDEX_US_IFUS_DXY_2020.csv
2020-03-09,96.11,95.79,94.65,94.9,Download Data - INDEX_US_IFUS_DXY_2020.csv
2020-03-10,95.34,96.58,95.23,96.41,Download Data - INDEX_US_IFUS_DXY_2020.csv
2020-03-11,96.33,96.69,95.91,96.51,Download Data - INDEX_US_IFUS_DXY_2020.csv
2020-03-12,96.65,98.31,96.08,97.47,Download Data - INDEX_US_IFUS_DXY_2020.csv
2020-03-13,97.45,98.81,97.34,98.75,Download Data - INDEX_US_IFUS_DXY_2020.csv
2020-03-16,98.7,98.47,97.45,98.07,Download Data - INDEX_US_IFUS_DXY_2020.csv
2020-03-17,98.14,99.83,97.98,99.58,Download Data - INDEX_US_IFUS_DXY_2020.csv
2020-03-18,99.38,101.74,99.15,101.16,Download Data - INDEX_US_IFUS_DXY_2020.csv
2020-03-19,100.79,102.94,100.77,102.76,Download Data - INDEX_US_IFUS_DXY_2020.csv
2020-03-20,102.94,102.99,101.09,102.82,Download Data - INDEX_US_IFUS_DXY_2020.csv
2020-03-23,101.95,102.98,101.65,102.49,Download Data - INDEX_US_IFUS_DXY_2020.csv
2020-03-24,102.13,102.21,101.05,102.04,Download Data - INDEX_US_IFUS_DXY_2020.csv
2020-03-25,101.6,101.91,100.84,101.05,Download Data - INDEX_US_IFUS_DXY_2020.csv
2020-03-26,100.96,101.02,99.24,99.35,Download Data - INDEX_US_IFUS_DXY_2020.csv
2020-03-27,99.29,99.81,98.27,98.37,Download Data - INDEX_US_IFUS_DXY_2020.csv
2020-03-30,98.31,99.32,98.29,99.18,Download Data - INDEX_US_IFUS_DXY_2020.csv
2020-03-31,99.25,99.95,98.89,99.05,Download Data - INDEX_US_IFUS_DXY_2020.csv
2020-04-01,99.01,99.84,98.91,99.67,Download Data - INDEX_US_IFUS_DXY_2020.csv
2020-04-02,99.51,100.41,99.34,100.18,Download Data - INDEX_US_IFUS_DXY_2020.csv
2020-04-03,100.2,100.85,100.14,100.58,Download Data - INDEX_US_IFUS_DXY_2020.csv
2020-04-06,100.66,100.93,100.48,100.69,Download Data - INDEX_US_IFUS_DXY_2020.csv
2020-04-07,100.75,100.79,99.77,99.9,Download Data - INDEX_US_IFUS_DXY_2020.csv
2020-04-08,99.91,100.43,99.9,100.12,Download Data - INDEX_US_IFUS_DXY_2020.csv
2020-04-09,100.13,100.3,99.36,99.52,Download Data - INDEX_US_IFUS_DXY_2020.csv
2020-04-10,99.58,99.63,99.37,99.52,Download Data - INDEX_US_IFUS_DXY_2020.csv
2020-04-13,99.49,99.63,99.14,99.35,Download Data - INDEX_US_IFUS_DXY_2020.csv
2020-04-14,99.38,99.43,98.83,98.89,Download Data - INDEX_US_IFUS_DXY_2020.csv
2020-04-15,98.82,99.98,98.82,99.46,Download Data - INDEX_US_IFUS_DXY_2020.csv
2020-04-16,99.63,100.3,99.61,100.03,Download Data - INDEX_US_IFUS_DXY_2020.csv
2020-04-17,99.86,100.29,99.62,99.78,Download Data - INDEX_US_IFUS_DXY_2020.csv
2020-04-20,99.71,100.07,99.65,99.96,Download Data - INDEX_US_IFUS_DXY_2020.csv
2020-04-21,99.94,100.48,99.93,100.26,Download Data - INDEX_US_IFUS_DXY_2020.csv
2020-04-22,100.21,100.5,99.9,100.39,Download Data - INDEX_US_IFUS_DXY_2020.csv
2020-04-23,100.45,100.69,100.04,100.43,Download Data - INDEX_US_IFUS_DXY_2020.csv
2020-04-24,100.5,100.87,100.19,100.38,Download Data - INDEX_US_IFUS_DXY_2020.csv
2020-04-27,100.23,100.32,99.83,100.04,Download Data - INDEX_US_IFUS_DXY_2020.csv
2020-04-28,100.06,100.21,99.45,99.87,Download Data - INDEX_US_IFUS_DXY_2020.csv
2020-04-29,99.88,99.89,99.47,99.57,Download Data - INDEX_US_IFUS_DXY_2020.csv
2020-04-30,99.48,99.73,98.81,99.02,Download Data - INDEX_US_IFUS_DXY_2020.csv
2020-05-01,99.13,99.21,98.65,99.08,Download Data - INDEX_US_IFUS_DXY_2020.csv
2020-05-04,98.57,99.6,99.09,99.48,Download Data - INDEX_US_IFUS_DXY_2020.csv
2020-05-05,99.51,99.97,99.3,99.71,Download Data - INDEX_US_IFUS_DXY_2020.csv
2020-05-06,99.8,100.2,99.75,100.09,Download Data - INDEX_US_IFUS_DXY_2020.csv
2020-05-07,100.21,100.4,99.81,99.89,Download Data - INDEX_US_IFUS_DXY_2020.csv
2020-05-08,99.84,99.94,99.1,99.73,Download Data - INDEX_US_IFUS_DXY_2020.csv
2020-05-11,99.12,100.28,99.67,100.24,Download Data - INDEX_US_IFUS_DXY_2020.csv
2020-05-12,100.23,100.44,99.66,99.93,Download Data - INDEX_US_IFUS_DXY_2020.csv
2020-05-13,100.01,100.28,99.58,100.24,Download Data - INDEX_US_IFUS_DXY_2020.csv
2020-05-14,100.19,100.56,100.15,100.47,Download Data - INDEX_US_IFUS_DXY_2020.csv
2020-05-15,100.26,100.49,100.08,100.4,Download Data - INDEX_US_IFUS_DXY_2020.csv
2020-05-18,100.36,100.47,99.58,99.67,Download Data - INDEX_US_IFUS_DXY_2020.csv
2020-05-19,99.62,99.73,99.23,99.37,Download Data - INDEX_US_IFUS_DXY_2020.csv
2020-05-20,99.55,99.56,99.0,99.12,Download Data - INDEX_US_IFUS_DXY_2020.csv
2020-05-21,99.18,99.51,99.02,99.37,Download Data - INDEX_US_IFUS_DXY_2020.csv
2020-05-22,99.42,99.87,99.39,99.86,Download Data - INDEX_US_IFUS_DXY_2020.csv
2020-05-25,99.8,99.98,99.69,99.86,Download Data - INDEX_US_IFUS_DXY_2020.csv
2020-05-26,99.77,99.77,98.9,98.91,Download Data - INDEX_US_IFUS_DXY_2020.csv
2020-05-27,99.02,99.34,98.72,99.06,Download Data - INDEX_US_IFUS_DXY_2020.csv
2020-05-28,98.91,99.09,98.35,98.38,Download Data - INDEX_US_IFUS_DXY_2020.csv
2020-05-29,98.52,98.55,97.95,98.34,Download Data - INDEX_US_IFUS_DXY_2020.csv
2020-06-01,98.3,98.32,97.79,97.83,Download Data - INDEX_US_IFUS_DXY_2020.csv
2020-06-02,97.84,97.91,97.43,97.67,Download Data - INDEX_US_IFUS_DXY_2020.csv
2020-06-03,97.57,97.63,97.19,97.28,Download Data - INDEX_US_IFUS_DXY_2020.csv
2020-06-04,97.32,97.63,96.57,96.68,Download Data - INDEX_US_IFUS_DXY_2020.csv
2020-06-05,96.74,97.03,96.44,96.94,Download Data - INDEX_US_IFUS_DXY_2020.csv
2020-06-08,96.84,97.07,96.6,96.62,Download Data - INDEX_US_IFUS_DXY_2020.csv
2020-06-09,96.63,97.06,96.23,96.32,Download Data - INDEX_US_IFUS_DXY_2020.csv
2020-06-10,96.43,96.46,95.72,95.96,Download Data - INDEX_US_IFUS_DXY_2020.csv
2020-06-11,96.09,96.83,95.95,96.73,Download Data - INDEX_US_IFUS_DXY_2020.csv
2020-06-12,96.81,97.45,96.49,97.32,Download Data - INDEX_US_IFUS_DXY_2020.csv
2020-06-15,97.09,97.39,96.6,96.71,Download Data - INDEX_US_IFUS_DXY_2020.csv
2020-06-16,96.56,97.25,96.43,96.96,Download Data - INDEX_US_IFUS_DXY_2020.csv
2020-06-17,97.01,97.34,96.8,97.16,Download Data - INDEX_US_IFUS_DXY_2020.csv
2020-06-18,97.08,97.58,96.95,97.42,Download Data - INDEX_US_IFUS_DXY_2020.csv
2020-06-19,97.42,97.72,97.16,97.62,Download Data - INDEX_US_IFUS_DXY_2020.csv
2020-06-22,97.66,97.74,97.01,97.04,Download Data - INDEX_US_IFUS_DXY_2020.csv
2020-06-23,96.93,97.25,96.39,96.65,Download Data - INDEX_US_IFUS_DXY_2020.csv
2020-06-24,96.66,97.24,96.55,97.15,Download Data - INDEX_US_IFUS_DXY_2020.csv
2020-06-25,97.24,97.6,97.16,97.43,Download Data - INDEX_US_IFUS_DXY_2020.csv
2020-06-26,97.35,97.68,97.26,97.43,Download Data - INDEX_US_IFUS_DXY_2020.csv
2020-06-29,97.5,97.65,97.11,97.54,Download Data - INDEX_US_IFUS_DXY_2020.csv
2020-06-30,97.4,97.8,97.23,97.39,Download Data - INDEX_US_IFUS_DXY_2020.csv
2020-07-01,97.39,97.62,97.03,97.2,Download Data - INDEX_US_IFUS_DXY_2020.csv
2020-07-02,97.15,97.34,96.81,97.32,Download Data - INDEX_US_IFUS_DXY_2020.csv
2020-07-03,97.22,97.36,97.12,97.17,Download Data - INDEX_US_IFUS_DXY_2020.csv
2020-07-06,97.15,97.2,96.57,96.73,Download Data - INDEX_US_IFUS_DXY_2020.csv
2020-07-07,96.75,97.15,96.6,96.88,Download Data - INDEX_US_IFUS_DXY_2020.csv
2020-07-08,96.99,97.05,96.4,96.43,Download Data - INDEX_US_IFUS_DXY_2020.csv
2020-07-09,96.45,96.81,96.24,96.7,Download Data - INDEX_US_IFUS_DXY_2020.csv
2020-07-10,96.75,96.97,96.44,96.65,Download Data - INDEX_US_IFUS_DXY_2020.csv
2020-07-13,96.66,96.68,96.27,96.46,Download Data - INDEX_US_IFUS_DXY_2020.csv
2020-07-14,96.54,96.7,96.18,96.26,Download Data - INDEX_US_IFUS_DXY_2020.csv
2020-07-15,96.17,96.25,95.78,96.08,Download Data - INDEX_US_IFUS_DXY_2020.csv
2020-07-16,96.0,96.4,95.89,96.35,Download Data - INDEX_US_IFUS_DXY_2020.csv
2020-07-17,96.28,96.33,95.9,95.94,Download Data - INDEX_US_IFUS_DXY_2020.csv
2020-07-20,96.01,96.18,95.73,95.83,Download Data - INDEX_US_IFUS_DXY_2020.csv
2020-07-21,95.75,95.92,95.05,95.12,Download Data - INDEX_US_IFUS_DXY_2020.csv
2020-07-22,95.13,95.41,94.83,94.99,Download Data - INDEX_US_IFUS_DXY_2020.csv
2020-07-23,94.98,95.18,94.59,94.69,Download Data - INDEX_US_IFUS_DXY_2020.csv
2020-07-24,94.77,94.83,94.33,94.44,Download Data - INDEX_US_IFUS_DXY_2020.csv
2020-07-27,94.35,94.42,93.48,93.67,Download Data - INDEX_US_IFUS_DXY_2020.csv
2020-07-28,93.58,94.01,93.49,93.7,Download Data - INDEX_US_IFUS_DXY_2020.csv
2020-07-29,93.75,93.8,93.18,93.45,Download Data - INDEX_US_IFUS_DXY_2020.csv
2020-07-30,93.32,93.68,92.93,93.02,Download Data - INDEX_US_IFUS_DXY_2020.csv
2020-07-31,92.82,93.54,92.55,93.35,Download Data - INDEX_US_IFUS_DXY_2020.csv
2020-08-03,93.46,93.99,93.32,93.35,Download Data - INDEX_US_IFUS_DXY_2020.csv
2020-08-04,93.58,93.83,93.23,93.38,Download Data - INDEX_US_IFUS_DXY_2020.csv
2020-08-05,93.23,93.25,92.56,92.87,Download Data - INDEX_US_IFUS_DXY_2020.csv
2020-08-06,92.77,93.09,92.52,92.79,Download Data - INDEX_US_IFUS_DXY_2020.csv
2020-08-07,92.81,93.62,92.76,93.44,Download Data - INDEX_US_IFUS_DXY_2020.csv
2020-08-10,93.39,93.7,93.3,93.58,Download Data - INDEX_US_IFUS_DXY_2020.csv
2020-08-11,93.6,93.74,93.17,93.63,Download Data - INDEX_US_IFUS_DXY_2020.csv
2020-08-12,93.68,93.91,93.27,93.44,Download Data - INDEX_US_IFUS_DXY_2020.csv
2020-08-13,93.37,93.39,92.93,93.34,Download Data - INDEX_US_IFUS_DXY_2020.csv
2020-08-14,93.22,93.41,93.02,93.1,Download Data - INDEX_US_IFUS_DXY_2020.csv
2020-08-17,93.07,93.12,92.77,92.85,Download Data - INDEX_US_IFUS_DXY_2020.csv
2020-08-18,92.82,92.82,92.13,92.27,Download Data - INDEX_US_IFUS_DXY_2020.csv
2020-08-19,92.28,93.05,92.15,92.89,Download Data - INDEX_US_IFUS_DXY_2020.csv
2020-08-20,92.96,93.24,92.73,92.79,Download Data - INDEX_US_IFUS_DXY_2020.csv
2020-08-21,92.72,93.47,92.58,93.25,Download Data - INDEX_US_IFUS_DXY_2020.csv
2020-08-24,93.2,93.34,92.84,93.3,Download Data - INDEX_US_IFUS_DXY_2020.csv
2020-08-25,93.28,93.35,92.97,93.02,Download Data - INDEX_US_IFUS_DXY_2020.csv
2020-08-26,93.02,93.36,92.85,93.01,Download Data - INDEX_US_IFUS_DXY_2020.csv
2020-08-27,92.85,93.32,92.42,93.0,Download Data - INDEX_US_IFUS_DXY_2020.csv
2020-08-28,93.02,93.1,92.2,92.37,Download Data - INDEX_US_IFUS_DXY_2020.csv
2020-08-31,92.3,92.48,91.99,92.14,Download Data - INDEX_US_IFUS_DXY_2020.csv
2020-09-01,92.18,92.4,91.75,92.34,Download Data - INDEX_US_IFUS_DXY_2020.csv
2020-09-02,92.28,92.87,92.21,92.85,Download Data - INDEX_US_IFUS_DXY_2020.csv
2020-09-03,92.66,93.07,92.65,92.74,Download Data - INDEX_US_IFUS_DXY_2020.csv
2020-09-04,92.8,93.24,92.66,92.72,Download Data - INDEX_US_IFUS_DXY_2020.csv
2020-09-07,92.98,93.09,92.81,93.07,Download Data - INDEX_US_IFUS_DXY_2020.csv
2020-09-08,93.05,93.52,93.0,93.45,Download Data - INDEX_US_IFUS_DXY_2020.csv
2020-09-09,93.58,93.66,93.14,93.26,Download Data - INDEX_US_IFUS_DXY_2020.csv
2020-09-10,93.23,93.45,92.7,93.34,Download Data - INDEX_US_IFUS_DXY_2020.csv
2020-09-11,93.33,93.38,93.1,93.33,Download Data - INDEX_US_IFUS_DXY_2020.csv
2020-09-14,93.29,93.33,92.87,93.05,Download Data - INDEX_US_IFUS_DXY_2020.csv
2020-09-15,93.06,93.14,92.79,93.05,Download Data - INDEX_US_IFUS_DXY_2020.csv
2020-09-16,93.08,93.28,92.78,93.21,Download Data - INDEX_US_IFUS_DXY_2020.csv
2020-09-17,93.15,93.59,92.87,92.97,Download Data - INDEX_US_IFUS_DXY_2020.csv
2020-09-18,92.86,93.01,92.77,92.93,Download Data - INDEX_US_IFUS_DXY_2020.csv
2020-09-21,92.97,93.78,92.75,93.66,Download Data - INDEX_US_IFUS_DXY_2020.csv
2020-09-22,93.55,94.08,93.47,93.99,Download Data - INDEX_US_IFUS_DXY_2020.csv
2020-09-23,93.99,94.43,93.93,94.39,Download Data - INDEX_US_IFUS_DXY_2020.csv
2020-09-24,94.38,94.59,94.2,94.35,Download Data - INDEX_US_IFUS_DXY_2020.csv
2020-09-25,94.32,94.74,94.19,94.64,Download Data - INDEX_US_IFUS_DXY_2020.csv
2020-09-28,94.6,94.64,94.15,94.28,Download Data - INDEX_US_IFUS_DXY_2020.csv
2020-09-29,94.24,94.3,93.82,93.89,Download Data - INDEX_US_IFUS_DXY_2020.csv
2020-09-30,93.85,94.19,93.67,93.89,Download Data - INDEX_US_IFUS_DXY_2020.csv
2020-10-01,93.8,93.92,93.53,93.71,Download Data - INDEX_US_IFUS_DXY_2020.csv
2020-10-02,93.73,94.03,93.69,93.84,Download Data - INDEX_US_IFUS_DXY_2020.csv
2020-10-05,93.87,93.87,93.37,93.51,Download Data - INDEX_US_IFUS_DXY_2020.csv
2020-10-06,93.44,93.85,93.34,93.69,Download Data - INDEX_US_IFUS_DXY_2020.csv
2020-10-07,93.83,93.9,93.56,93.63,Download Data - INDEX_US_IFUS_DXY_2020.csv
2020-10-08,93.61,93.78,93.5,93.61,Download Data - INDEX_US_IFUS_DXY_2020.csv
2020-10-09,93.56,93.59,93.01,93.06,Download Data - INDEX_US_IFUS_DXY_2020.csv
2020-10-12,93.06,93.24,93.01,93.07,Download Data - INDEX_US_IFUS_DXY_2020.csv
2020-10-13,93.03,93.6,93.03,93.53,Download Data - INDEX_US_IFUS_DXY_2020.csv
2020-10-14,93.54,93.67,93.25,93.38,Download Data - INDEX_US_IFUS_DXY_2020.csv
2020-10-15,93.43,93.9,93.37,93.86,Download Data - INDEX_US_IFUS_DXY_2020.csv
2020-10-16,93.8,93.88,93.53,93.68,Download Data - INDEX_US_IFUS_DXY_2020.csv
2020-10-19,93.71,93.77,93.21,93.43,Download Data - INDEX_US_IFUS_DXY_2020.csv
2020-10-20,93.42,93.5,93.0,93.07,Download Data - INDEX_US_IFUS_DXY_2020.csv
2020-10-21,93.05,93.07,92.47,92.61,Download Data - INDEX_US_IFUS_DXY_2020.csv
2020-10-22,92.67,92.97,92.61,92.95,Download Data - INDEX_US_IFUS_DXY_2020.csv
2020-10-23,92.93,93.13,92.66,92.77,Download Data - INDEX_US_IFUS_DXY_2020.csv
2020-10-26,92.76,93.11,92.74,93.05,Download Data - INDEX_US_IFUS_DXY_2020.csv
2020-10-27,93.07,93.13,92.79,92.94,Download Data - INDEX_US_IFUS_DXY_2020.csv
2020-10-28,93.15,93.65,93.05,93.41,Download Data - INDEX_US_IFUS_DXY_2020.csv
2020-10-29,93.46,94.1,93.34,93.96,Download Data - INDEX_US_IFUS_DXY_2020.csv
2020-10-30,93.92,94.08,93.65,94.04,Download Data - INDEX_US_IFUS_DXY_2020.csv
2020-11-02,93.89,94.29,93.89,94.13,Download Data - INDEX_US_IFUS_DXY_2020.csv
2020-11-03,94.05,94.05,93.29,93.55,Download Data - INDEX_US_IFUS_DXY_2020.csv
2020-11-04,93.09,94.3,93.09,93.41,Download Data - INDEX_US_IFUS_DXY_2020.csv
2020-11-05,93.34,93.55,92.49,92.53,Download Data - INDEX_US_IFUS_DXY_2020.csv
2020-11-06,92.57,92.82,92.18,92.23,Download Data - INDEX_US_IFUS_DXY_2020.csv
2020-11-09,92.24,92.96,92.13,92.73,Download Data - INDEX_US_IFUS_DXY_2020.csv
2020-11-10,92.76,92.97,92.6,92.75,Download Data - INDEX_US_IFUS_DXY_2020.csv
2020-11-11,92.7,93.21,92.61,93.04,Download Data - INDEX_US_IFUS_DXY_2020.csv
2020-11-12,93.01,93.14,92.78,92.96,Download Data - INDEX_US_IFUS_DXY_2020.csv
2020-11-13,92.95,93.01,92.71,92.76,Download Data - INDEX_US_IFUS_DXY_2020.csv
2020-11-16,92.72,92.84,92.46,92.64,Download Data - INDEX_US_IFUS_DXY_2020.csv
2020-11-17,92.49,92.61,92.27,92.42,Download Data - INDEX_US_IFUS_DXY_2020.csv
2020-11-18,92.44,92.51,92.21,92.32,Download Data - INDEX_US_IFUS_DXY_2020.csv
2020-11-19,92.56,92.72,92.24,92.29,Download Data - INDEX_US_IFUS_DXY_2020.csv
2020-11-20,92.34,92.43,92.21,92.39,Download Data - INDEX_US_IFUS_DXY_2020.csv
2020-11-23,92.37,92.8,92.02,92.51,Download Data - INDEX_US_IFUS_DXY_2020.csv
2020-11-24,92.53,92.56,92.13,92.23,Download Data - INDEX_US_IFUS_DXY_2020.csv
2020-11-25,92.11,92.26,91.93,91.99,Download Data - INDEX_US_IFUS_DXY_2020.csv
2020-11-26,91.95,92.17,91.85,91.99,Download Data - INDEX_US_IFUS_DXY_2020.csv
2020-11-27,92.02,92.05,91.76,91.79,Download Data - INDEX_US_IFUS_DXY_2020.csv
2020-11-30,91.78,92.05,91.51,91.87,Download Data - INDEX_US_IFUS_DXY_2020.csv
2020-12-01,91.95,91.95,91.16,91.31,Download Data - INDEX_US_IFUS_DXY_2020.csv
2020-12-02,91.19,91.5,90.99,91.12,Download Data - INDEX_US_IFUS_DXY_2020.csv
2020-12-03,91.06,91.09,90.51,90.71,Download Data - INDEX_US_IFUS_DXY_2020.csv
2020-12-04,90.71,90.87,90.48,90.7,Download Data - INDEX_US_IFUS_DXY_2020.csv
2020-12-07,90.79,91.24,90.62,90.79,Download Data - INDEX_US_IFUS_DXY_2020.csv
2020-12-08,90.9,91.02,90.75,90.97,Download Data - INDEX_US_IFUS_DXY_2020.csv
2020-12-09,90.92,91.2,90.69,91.09,Download Data - INDEX_US_IFUS_DXY_2020.csv
2020-12-10,91.06,91.15,90.67,90.82,Download Data - INDEX_US_IFUS_DXY_2020.csv
2020-12-11,90.74,91.04,90.62,90.98,Download Data - INDEX_US_IFUS_DXY_2020.csv
2020-12-14,90.76,90.98,90.42,90.71,Download Data - INDEX_US_IFUS_DXY_2020.csv
2020-12-15,90.69,90.82,90.42,90.47,Download Data - INDEX_US_IFUS_DXY_2020.csv
2020-12-16,90.49,90.7,90.13,90.45,Download Data - INDEX_US_IFUS_DXY_2020.csv
2020-12-17,90.27,90.27,89.73,89.82,Download Data - INDEX_US_IFUS_DXY_2020.csv
2020-12-18,89.83,90.13,89.83,90.02,Download Data - INDEX_US_IFUS_DXY_2020.csv
2020-12-21,90.15,91.02,89.92,90.04,Download Data - INDEX_US_IFUS_DXY_2020.csv
2020-12-22,90.09,90.72,90.06,90.65,Download Data - INDEX_US_IFUS_DXY_2020.csv
2020-12-23,90.52,90.67,90.16,90.41,Download Data - INDEX_US_IFUS_DXY_2020.csv
2020-12-24,90.28,90.38,90.15,90.32,Download Data - INDEX_US_IFUS_DXY_2020.csv
2020-12-25,90.33,90.42,90.22,90.22,Download Data - INDEX_US_IFUS_DXY_2020.csv
2020-12-28,90.22,90.38,89.98,90.34,Download Data - INDEX_US_IFUS_DXY_2020.csv
2020-12-29,90.21,90.23,89.85,89.99,Download Data - INDEX_US_IFUS_DXY_2020.csv
2020-12-30,89.98,89.98,89.56,89.68,Download Data - INDEX_US_IFUS_DXY_2020.csv
2020-12-31,89.93,89.93,89.93,89.93,Download Data - INDEX_US_IFUS_DXY_2020.csv
2021-01-04,89.93,89.94,89.42,89.87,Download Data - INDEX_US_IFUS_DXY_2021.csv
2021-01-05,89.9,89.9,89.43,89.44,Download Data - INDEX_US_IFUS_DXY_2021.csv
2021-01-06,89.48,89.8,89.21,89.53,Download Data - INDEX_US_IFUS_DXY_2021.csv
2021-01-07,89.32,89.97,89.32,89.83,Download Data - INDEX_US_IFUS_DXY_2021.csv
2021-01-08,89.83,90.25,89.66,90.1,Download Data - INDEX_US_IFUS_DXY_2021.csv
2021-01-11,90.03,90.73,90.03,90.47,Download Data - INDEX_US_IFUS_DXY_2021.csv
2021-01-12,90.52,90.62,90.03,90.09,Download Data - INDEX_US_IFUS_DXY_2021.csv
2021-01-13,90.0,90.45,89.92,90.36,Download Data - INDEX_US_IFUS_DXY_2021.csv
2021-01-14,90.28,90.58,90.08,90.24,Download Data - INDEX_US_IFUS_DXY_2021.csv
2021-01-15,90.22,90.8,90.22,90.77,Download Data - INDEX_US_IFUS_DXY_2021.csv
2021-01-18,90.76,90.95,90.71,90.77,Download Data - INDEX_US_IFUS_DXY_2021.csv
2021-01-19,90.73,90.76,90.4,90.5,Download Data - INDEX_US_IFUS_DXY_2021.csv
2021-01-20,90.41,90.7,90.28,90.48,Download Data - INDEX_US_IFUS_DXY_2021.csv
2021-01-21,90.42,90.45,90.05,90.13,Download Data - INDEX_US_IFUS_DXY_2021.csv
2021-01-22,90.05,90.31,90.05,90.24,Download Data - INDEX_US_IFUS_DXY_2021.csv
2021-01-25,90.24,90.52,90.08,90.39,Download Data - INDEX_US_IFUS_DXY_2021.csv
2021-01-26,90.39,90.61,90.12,90.17,Download Data - INDEX_US_IFUS_DXY_2021.csv
2021-01-27,90.15,90.88,90.15,90.65,Download Data - INDEX_US_IFUS_DXY_2021.csv
2021-01-28,90.73,90.86,90.41,90.46,Download Data - INDEX_US_IFUS_DXY_2021.csv
2021-01-29,90.56,90.78,90.36,90.58,Download Data - INDEX_US_IFUS_DXY_2021.csv
2021-02-01,90.53,91.06,90.5,90.98,Download Data - INDEX_US_IFUS_DXY_2021.csv
2021-02-02,91.0,91.29,90.8,91.2,Download Data - INDEX_US_IFUS_DXY_2021.csv
2021-02-03,91.05,91.31,90.99,91.17,Download Data - INDEX_US_IFUS_DXY_2021.csv
2021-02-04,91.09,91.58,91.09,91.53,Download Data - INDEX_US_IFUS_DXY_2021.csv
2021-02-05,91.49,91.49,91.04,91.04,Download Data - INDEX_US_IFUS_DXY_2021.csv
2021-02-08,91.03,91.24,90.9,90.93,Download Data - INDEX_US_IFUS_DXY_2021.csv
2021-02-09,90.91,90.93,90.43,90.44,Download Data - INDEX_US_IFUS_DXY_2021.csv
2021-02-10,90.49,90.53,90.25,90.37,Download Data - INDEX_US_IFUS_DXY_2021.csv
2021-02-11,90.46,90.47,90.26,90.42,Download Data - INDEX_US_IFUS_DXY_2021.csv
2021-02-12,90.41,90.74,90.38,90.48,Download Data - INDEX_US_IFUS_DXY_2021.csv
2021-02-15,90.42,90.47,90.27,90.37,Download Data - INDEX_US_IFUS_DXY_2021.csv
2021-02-16,90.29,90.65,90.12,90.51,Download Data - INDEX_US_IFUS_DXY_2021.csv
2021-02-17,90.71,91.06,90.62,90.95,Download Data - INDEX_US_IFUS_DXY_2021.csv
2021-02-18,90.9,90.98,90.54,90.59,Download Data - INDEX_US_IFUS_DXY_2021.csv
2021-02-19,90.57,90.65,90.18,90.36,Download Data - INDEX_US_IFUS_DXY_2021.csv
2021-02-22,90.32,90.58,90.0,90.01,Download Data - INDEX_US_IFUS_DXY_2021.csv
2021-02-23,90.02,90.26,89.94,90.17,Download Data - INDEX_US_IFUS_DXY_2021.csv
2021-02-24,90.1,90.43,89.98,90.18,Download Data - INDEX_US_IFUS_DXY_2021.csv
2021-02-25,90.07,90.29,89.68,90.13,Download Data - INDEX_US_IFUS_DXY_2021.csv
2021-02-26,90.36,90.97,90.13,90.88,Download Data - INDEX_US_IFUS_DXY_2021.csv
2021-03-01,90.93,91.14,90.69,91.04,Download Data - INDEX_US_IFUS_DXY_2021.csv
2021-03-02,91.03,91.39,90.73,90.79,Download Data - INDEX_US_IFUS_DXY_2021.csv
2021-03-03,90.79,91.06,90.63,90.95,Download Data - INDEX_US_IFUS_DXY_2021.csv
2021-03-04,91.01,91.67,90.97,91.63,Download Data - INDEX_US_IFUS_DXY_2021.csv
2021-03-05,91.66,92.19,91.62,91.98,Download Data - INDEX_US_IFUS_DXY_2021.csv
2021-03-08,91.94,92.42,91.84,92.31,Download Data - INDEX_US_IFUS_DXY_2021.csv
2021-03-09,92.46,92.5,91.91,91.96,Download Data - INDEX_US_IFUS_DXY_2021.csv
2021-03-10,92.05,92.24,91.77,91.82,Download Data - INDEX_US_IFUS_DXY_2021.csv
2021-03-11,91.79,91.88,91.37,91.42,Download Data - INDEX_US_IFUS_DXY_2021.csv
2021-03-12,91.43,91.96,91.4,91.68,Download Data - INDEX_US_IFUS_DXY_2021.csv
2021-03-15,91.68,91.97,91.54,91.83,Download Data - INDEX_US_IFUS_DXY_2021.csv
2021-03-16,91.83,92.03,91.68,91.87,Download Data - INDEX_US_IFUS_DXY_2021.csv
2021-03-17,91.86,92.0,91.37,91.44,Download Data - INDEX_US_IFUS_DXY_2021.csv
2021-03-18,91.4,91.9,91.3,91.86,Download Data - INDEX_US_IFUS_DXY_2021.csv
2021-03-19,91.83,92.17,91.66,91.92,Download Data - INDEX_US_IFUS_DXY_2021.csv
2021-03-22,91.74,92.15,91.71,91.74,Download Data - INDEX_US_IFUS_DXY_2021.csv
2021-03-23,91.8,92.4,91.76,92.34,Download Data - INDEX_US_IFUS_DXY_2021.csv
2021-03-24,92.39,92.61,92.34,92.53,Download Data - INDEX_US_IFUS_DXY_2021.csv
2021-03-25,92.6,92.92,92.51,92.53,Download Data - INDEX_US_IFUS_DXY_2021.csv
2021-03-26,92.81,92.87,92.65,92.77,Download Data - INDEX_US_IFUS_DXY_2021.csv
2021-03-29,92.74,92.96,92.72,92.94,Download Data - INDEX_US_IFUS_DXY_2021.csv
2021-03-30,92.91,93.35,92.88,93.3,Download Data - INDEX_US_IFUS_DXY_2021.csv
2021-03-31,93.24,93.44,92.99,93.23,Download Data - INDEX_US_IFUS_DXY_2021.csv
2021-04-01,93.22,93.34,92.88,92.93,Download Data - INDEX_US_IFUS_DXY_2021.csv
2021-04-02,92.89,93.07,92.83,93.01,Download Data - INDEX_US_IFUS_DXY_2021.csv
2021-04-05,93.01,93.11,92.54,92.6,Download Data - INDEX_US_IFUS_DXY_2021.csv
2021-04-06,92.57,92.79,92.27,92.34,Download Data - INDEX_US_IFUS_DXY_2021.csv
2021-04-07,92.32,92.5,92.14,92.46,Download Data - INDEX_US_IFUS_DXY_2021.csv
2021-04-08,92.42,92.48,92.0,92.06,Download Data - INDEX_US_IFUS_DXY_2021.csv
2021-04-09,92.07,92.41,92.03,92.16,Download Data - INDEX_US_IFUS_DXY_2021.csv
2021-04-12,92.18,92.33,92.01,92.14,Download Data - INDEX_US_IFUS_DXY_2021.csv
2021-04-13,92.08,92.33,91.79,91.85,Download Data - INDEX_US_IFUS_DXY_2021.csv
2021-04-14,91.83,91.83,91.57,91.69,Download Data - INDEX_US_IFUS_DXY_2021.csv
2021-04-15,91.63,91.75,91.49,91.69,Download Data - INDEX_US_IFUS_DXY_2021.csv
2021-04-16,91.66,91.81,91.49,91.56,Download Data - INDEX_US_IFUS_DXY_2021.csv
2021-04-19,91.58,91.75,91.03,91.07,Download Data - INDEX_US_IFUS_DXY_2021.csv
2021-04-20,91.05,91.28,90.86,91.24,Download Data - INDEX_US_IFUS_DXY_2021.csv
2021-04-21,91.21,91.43,91.09,91.16,Download Data - INDEX_US_IFUS_DXY_2021.csv
2021-04-22,91.11,91.42,91.0,91.33,Download Data - INDEX_US_IFUS_DXY_2021.csv
2021-04-23,91.29,91.3,90.81,90.86,Download Data - INDEX_US_IFUS_DXY_2021.csv
2021-04-26,90.86,90.99,90.68,90.81,Download Data - INDEX_US_IFUS_DXY_2021.csv
2021-04-27,90.88,91.07,90.81,90.91,Download Data - INDEX_US_IFUS_DXY_2021.csv
2021-04-28,90.9,91.13,90.55,90.61,Download Data - INDEX_US_IFUS_DXY_2021.csv
2021-04-29,90.55,90.79,90.42,90.61,Download Data - INDEX_US_IFUS_DXY_2021.csv
2021-04-30,90.63,91.32,90.59,91.28,Download Data - INDEX_US_IFUS_DXY_2021.csv
2021-05-03,91.3,91.39,90.87,90.95,Download Data - INDEX_US_IFUS_DXY_2021.csv
2021-05-04,91.0,91.4,90.99,91.29,Download Data - INDEX_US_IFUS_DXY_2021.csv
2021-05-05,91.28,91.44,91.17,91.31,Download Data - INDEX_US_IFUS_DXY_2021.csv
2021-05-06,91.27,91.38,90.88,90.95,Download Data - INDEX_US_IFUS_DXY_2021.csv
2021-05-07,90.88,90.96,90.19,90.23,Download Data - INDEX_US_IFUS_DXY_2021.csv
2021-05-10,90.21,90.34,90.04,90.21,Download Data - INDEX_US_IFUS_DXY_2021.csv
2021-05-11,90.24,90.36,89.98,90.14,Download Data - INDEX_US_IFUS_DXY_2021.csv
2021-05-12,90.19,90.8,90.16,90.71,Download Data - INDEX_US_IFUS_DXY_2021.csv
2021-05-13,90.75,90.91,90.59,90.75,Download Data - INDEX_US_IFUS_DXY_2021.csv
2021-05-14,90.76,90.8,90.28,90.32,Download Data - INDEX_US_IFUS_DXY_2021.csv
2021-05-17,90.3,90.43,90.15,90.16,Download Data - INDEX_US_IFUS_DXY_2021.csv
2021-05-18,90.18,90.2,89.69,89.75,Download Data - INDEX_US_IFUS_DXY_2021.csv
2021-05-19,89.78,90.29,89.69,90.19,Download Data - INDEX_US_IFUS_DXY_2021.csv
2021-05-20,90.21,90.23,89.75,89.81,Download Data - INDEX_US_IFUS_DXY_2021.csv
2021-05-21,89.78,90.15,89.65,90.02,Download Data - INDEX_US_IFUS_DXY_2021.csv
2021-05-24,90.03,90.1,89.76,89.84,Download Data - INDEX_US_IFUS_DXY_2021.csv
2021-05-25,89.85,89.87,89.54,89.64,Download Data - INDEX_US_IFUS_DXY_2021.csv
2021-05-26,89.69,90.11,89.59,90.04,Download Data - INDEX_US_IFUS_DXY_2021.csv
2021-05-27,90.08,90.18,89.89,89.97,Download Data - INDEX_US_IFUS_DXY_2021.csv
2021-05-28,90.03,90.44,89.98,90.03,Download Data - INDEX_US_IFUS_DXY_2021.csv
2021-05-31,90.03,90.12,89.82,90.03,Download Data - INDEX_US_IFUS_DXY_2021.csv
2021-06-01,89.81,89.94,89.66,89.83,Download Data - INDEX_US_IFUS_DXY_2021.csv
2021-06-02,89.92,90.25,89.86,89.91,Download Data - INDEX_US_IFUS_DXY_2021.csv
2021-06-03,89.93,90.55,89.89,90.51,Download Data - INDEX_US_IFUS_DXY_2021.csv
2021-06-04,90.47,90.63,90.03,90.14,Download Data - INDEX_US_IFUS_DXY_2021.csv
2021-06-07,90.13,90.3,89.91,89.95,Download Data - INDEX_US_IFUS_DXY_2021.csv
2021-06-08,89.99,90.18,89.96,90.08,Download Data - INDEX_US_IFUS_DXY_2021.csv
2021-06-09,90.13,90.17,89.84,90.12,Download Data - INDEX_US_IFUS_DXY_2021.csv
2021-06-10,90.14,90.31,89.98,90.08,Download Data - INDEX_US_IFUS_DXY_2021.csv
2021-06-11,90.07,90.61,89.96,90.56,Download Data - INDEX_US_IFUS_DXY_2021.csv
2021-06-14,90.5,90.6,90.41,90.52,Download Data - INDEX_US_IFUS_DXY_2021.csv
2021-06-15,90.48,90.68,90.35,90.54,Download Data - INDEX_US_IFUS_DXY_2021.csv
2021-06-16,90.54,91.4,90.44,91.13,Download Data - INDEX_US_IFUS_DXY_2021.csv
2021-06-17,91.43,92.01,91.31,91.89,Download Data - INDEX_US_IFUS_DXY_2021.csv
2021-06-18,91.88,92.41,91.81,92.23,Download Data - INDEX_US_IFUS_DXY_2021.csv
2021-06-21,92.31,92.37,91.83,91.9,Download Data - INDEX_US_IFUS_DXY_2021.csv
2021-06-22,91.88,92.14,91.65,91.76,Download Data - INDEX_US_IFUS_DXY_2021.csv
2021-06-23,91.73,91.9,91.51,91.8,Download Data - INDEX_US_IFUS_DXY_2021.csv
2021-06-24,91.8,91.91,91.66,91.81,Download Data - INDEX_US_IFUS_DXY_2021.csv
2021-06-25,91.83,91.88,91.53,91.85,Download Data - INDEX_US_IFUS_DXY_2021.csv
2021-06-28,91.8,92.02,91.7,91.89,Download Data - INDEX_US_IFUS_DXY_2021.csv
2021-06-29,91.88,92.19,91.86,92.05,Download Data - INDEX_US_IFUS_DXY_2021.csv
2021-06-30,92.08,92.45,92.0,92.44,Download Data - INDEX_US_IFUS_DXY_2021.csv
2021-07-01,92.35,92.6,92.26,92.6,Download Data - INDEX_US_IFUS_DXY_2021.csv
2021-07-02,92.57,92.74,92.18,92.23,Download Data - INDEX_US_IFUS_DXY_2021.csv
2021-07-05,92.23,92.36,92.14,92.21,Download Data - INDEX_US_IFUS_DXY_2021.csv
2021-07-06,92.24,92.66,92.0,92.55,Download Data - INDEX_US_IFUS_DXY_2021.csv
2021-07-07,92.53,92.85,92.43,92.64,Download Data - INDEX_US_IFUS_DXY_2021.csv
2021-07-08,92.7,92.79,92.24,92.42,Download Data - INDEX_US_IFUS_DXY_2021.csv
2021-07-09,92.36,92.54,92.09,92.13,Download Data - INDEX_US_IFUS_DXY_2021.csv
2021-07-12,92.13,92.42,92.08,92.26,Download Data - INDEX_US_IFUS_DXY_2021.csv
2021-07-13,92.23,92.81,92.14,92.75,Download Data - INDEX_US_IFUS_DXY_2021.csv
2021-07-14,92.8,92.83,92.35,92.41,Download Data - INDEX_US_IFUS_DXY_2021.csv
2021-07-15,92.4,92.69,92.27,92.62,Download Data - INDEX_US_IFUS_DXY_2021.csv
2021-07-16,92.59,92.76,92.53,92.69,Download Data - INDEX_US_IFUS_DXY_2021.csv
2021-07-19,92.69,93.04,92.64,92.89,Download Data - INDEX_US_IFUS_DXY_2021.csv
2021-07-20,92.88,93.17,92.8,92.97,Download Data - INDEX_US_IFUS_DXY_2021.csv
2021-07-21,92.97,93.19,92.73,92.75,Download Data - INDEX_US_IFUS_DXY_2021.csv
2021-07-22,92.8,92.92,92.51,92.82,Download Data - INDEX_US_IFUS_DXY_2021.csv
2021-07-23,92.81,93.02,92.78,92.91,Download Data - INDEX_US_IFUS_DXY_2021.csv
2021-07-26,92.91,92.96,92.53,92.65,Download Data - INDEX_US_IFUS_DXY_2021.csv
2021-07-27,92.63,92.84,92.32,92.43,Download Data - INDEX_US_IFUS_DXY_2021.csv
2021-07-28,92.46,92.75,92.24,92.32,Download Data - INDEX_US_IFUS_DXY_2021.csv
2021-07-29,92.27,92.29,91.86,91.86,Download Data - INDEX_US_IFUS_DXY_2021.csv
2021-07-30,91.85,92.2,91.78,92.17,Download Data - INDEX_US_IFUS_DXY_2021.csv
2021-08-02,92.09,92.17,91.91,92.05,Download Data - INDEX_US_IFUS_DXY_2021.csv
2021-08-03,92.06,92.16,91.89,92.08,Download Data - INDEX_US_IFUS_DXY_2021.csv
2021-08-04,92.04,92.31,91.82,92.27,Download Data - INDEX_US_IFUS_DXY_2021.csv
2021-08-05,92.28,92.35,92.12,92.24,Download Data - INDEX_US_IFUS_DXY_2021.csv
2021-08-06,92.27,92.84,92.26,92.8,Download Data - INDEX_US_IFUS_DXY_2021.csv
2021-08-09,92.78,92.99,92.72,92.95,Download Data - INDEX_US_IFUS_DXY_2021.csv
2021-08-10,92.98,93.14,92.94,93.06,Download Data - INDEX_US_IFUS_DXY_2021.csv
2021-08-11,93.07,93.19,92.8,92.92,Download Data - INDEX_US_IFUS_DXY_2021.csv
2021-08-12,92.89,93.04,92.85,93.04,Download Data - INDEX_US_IFUS_DXY_2021.csv
2021-08-13,92.97,93.01,92.47,92.52,Download Data - INDEX_US_IFUS_DXY_2021.csv
2021-08-16,92.53,92.66,92.48,92.63,Download Data - INDEX_US_IFUS_DXY_2021.csv
2021-08-17,92.62,93.17,92.61,93.13,Download Data - INDEX_US_IFUS_DXY_2021.csv
2021-08-18,93.14,93.26,92.96,93.14,Download Data - INDEX_US_IFUS_DXY_2021.csv
2021-08-19,93.14,93.58,93.17,93.57,Download Data - INDEX_US_IFUS_DXY_2021.csv
2021-08-20,93.56,93.73,93.43,93.5,Download Data - INDEX_US_IFUS_DXY_2021.csv
2021-08-23,93.48,93.51,92.95,92.96,Download Data - INDEX_US_IFUS_DXY_2021.csv
2021-08-24,92.99,93.08,92.81,92.89,Download Data - INDEX_US_IFUS_DXY_2021.csv
2021-08-25,92.88,93.13,92.81,92.83,Download Data - INDEX_US_IFUS_DXY_2021.csv
2021-08-26,92.83,93.08,92.81,93.06,Download Data - INDEX_US_IFUS_DXY_2021.csv
2021-08-27,93.03,93.18,92.63,92.69,Download Data - INDEX_US_IFUS_DXY_2021.csv
2021-08-30,92.7,92.79,92.6,92.65,Download Data - INDEX_US_IFUS_DXY_2021.csv
2021-08-31,92.71,92.75,92.4,92.63,Download Data - INDEX_US_IFUS_DXY_2021.csv
2021-09-01,92.66,92.79,92.38,92.45,Download Data - INDEX_US_IFUS_DXY_2021.csv
2021-09-02,92.51,92.54,92.21,92.23,Download Data - INDEX_US_IFUS_DXY_2021.csv
2021-09-03,92.22,92.26,91.95,92.04,Download Data - INDEX_US_IFUS_DXY_2021.csv
2021-09-06,92.13,92.31,92.1,92.22,Download Data - INDEX_US_IFUS_DXY_2021.csv
2021-09-07,92.2,92.57,92.1,92.51,Download Data - INDEX_US_IFUS_DXY_2021.csv
2021-09-08,92.54,92.86,92.47,92.65,Download Data - INDEX_US_IFUS_DXY_2021.csv
2021-09-09,92.71,92.76,92.38,92.48,Download Data - INDEX_US_IFUS_DXY_2021.csv
2021-09-10,92.53,92.65,92.33,92.58,Download Data - INDEX_US_IFUS_DXY_2021.csv
2021-09-13,92.61,92.89,92.57,92.68,Download Data - INDEX_US_IFUS_DXY_2021.csv
2021-09-14,92.62,92.68,92.32,92.62,Download Data - INDEX_US_IFUS_DXY_2021.csv
2021-09-15,92.68,92.68,92.42,92.55,Download Data - INDEX_US_IFUS_DXY_2021.csv
2021-09-16,92.46,92.96,92.46,92.93,Download Data - INDEX_US_IFUS_DXY_2021.csv
2021-09-17,92.88,93.25,92.77,93.2,Download Data - INDEX_US_IFUS_DXY_2021.csv
2021-09-20,93.25,93.45,93.19,93.28,Download Data - INDEX_US_IFUS_DXY_2021.csv
2021-09-21,93.24,93.29,93.05,93.2,Download Data - INDEX_US_IFUS_DXY_2021.csv
2021-09-22,93.23,93.51,92.99,93.46,Download Data - INDEX_US_IFUS_DXY_2021.csv
2021-09-23,93.48,93.52,92.98,93.46,Download Data - INDEX_US_IFUS_DXY_2021.csv
2021-09-24,93.07,93.42,93.05,93.33,Download Data - INDEX_US_IFUS_DXY_2021.csv
2021-09-27,93.28,93.49,93.21,93.38,Download Data - INDEX_US_IFUS_DXY_2021.csv
2021-09-28,93.41,93.81,93.36,93.77,Download Data - INDEX_US_IFUS_DXY_2021.csv
2021-09-29,93.72,94.43,93.67,94.34,Download Data - INDEX_US_IFUS_DXY_2021.csv
2021-09-30,94.35,94.5,94.11,94.23,Download Data - INDEX_US_IFUS_DXY_2021.csv
2021-10-01,94.31,94.39,93.99,94.04,Download Data - INDEX_US_IFUS_DXY_2021.csv
2021-10-04,94.05,94.1,93.68,93.78,Download Data - INDEX_US_IFUS_DXY_2021.csv
2021-10-05,93.83,94.07,93.81,93.98,Download Data - INDEX_US_IFUS_DXY_2021.csv
2021-10-06,93.99,94.45,93.98,94.27,Download Data - INDEX_US_IFUS_DXY_2021.csv
2021-10-07,94.23,94.28,94.08,94.22,Download Data - INDEX_US_IFUS_DXY_2021.csv
2021-10-08,94.21,94.34,93.94,94.07,Download Data - INDEX_US_IFUS_DXY_2021.csv
2021-10-11,94.1,94.4,94.03,94.32,Download Data - INDEX_US_IFUS_DXY_2021.csv
2021-10-12,94.37,94.56,94.23,94.52,Download Data - INDEX_US_IFUS_DXY_2021.csv
2021-10-13,94.52,94.53,94.0,94.08,Download Data - INDEX_US_IFUS_DXY_2021.csv
2021-10-14,94.02,94.08,94.02,94.08,Download Data - INDEX_US_IFUS_DXY_2021.csv
2021-10-15,94.03,94.03,93.96,93.96,Download Data - INDEX_US_IFUS_DXY_2021.csv
2021-10-18,93.95,94.17,93.87,93.95,Download Data - INDEX_US_IFUS_DXY_2021.csv
2021-10-19,93.95,93.95,93.5,93.73,Download Data - INDEX_US_IFUS_DXY_2021.csv
2021-10-20,93.81,93.88,93.54,93.56,Download Data - INDEX_US_IFUS_DXY_2021.csv
2021-10-21,93.58,93.79,93.5,93.77,Download Data - INDEX_US_IFUS_DXY_2021.csv
2021-10-22,93.75,93.79,93.54,93.64,Download Data - INDEX_US_IFUS_DXY_2021.csv
2021-10-25,93.66,93.96,93.48,93.81,Download Data - INDEX_US_IFUS_DXY_2021.csv
2021-10-26,93.97,93.97,93.89,93.95,Download Data - INDEX_US_IFUS_DXY_2021.csv
2021-10-27,93.97,94.01,93.69,93.8,Download Data - INDEX_US_IFUS_DXY_2021.csv
2021-10-28,93.88,93.97,93.28,93.35,Download Data - INDEX_US_IFUS_DXY_2021.csv
2021-10-29,93.36,94.3,93.32,94.12,Download Data - INDEX_US_IFUS_DXY_2021.csv
2021-11-01,94.14,94.31,93.86,93.88,Download Data - INDEX_US_IFUS_DXY_2021.csv
2021-11-02,93.93,94.13,93.82,94.09,Download Data - INDEX_US_IFUS_DXY_2021.csv
2021-11-03,94.12,94.21,93.82,93.86,Download Data - INDEX_US_IFUS_DXY_2021.csv
2021-11-04,93.86,94.47,93.83,94.35,Download Data - INDEX_US_IFUS_DXY_2021.csv
2021-11-05,94.34,94.62,94.19,94.32,Download Data - INDEX_US_IFUS_DXY_2021.csv
2021-11-08,94.25,94.38,93.99,94.05,Download Data - INDEX_US_IFUS_DXY_2021.csv
2021-11-09,94.09,94.15,93.88,93.96,Download Data - INDEX_US_IFUS_DXY_2021.csv
2021-11-10,93.98,94.9,93.97,94.85,Download Data - INDEX_US_IFUS_DXY_2021.csv
2021-11-11,94.84,95.2,94.84,95.18,Download Data - INDEX_US_IFUS_DXY_2021.csv
2021-11-12,95.18,95.27,95.0,95.13,Download Data - INDEX_US_IFUS_DXY_2021.csv
2021-11-15,95.12,95.6,94.97,95.41,Download Data - INDEX_US_IFUS_DXY_2021.csv
2021-11-16,95.47,95.98,95.4,95.92,Download Data - INDEX_US_IFUS_DXY_2021.csv
2021-11-17,95.94,96.24,95.73,95.83,Download Data - INDEX_US_IFUS_DXY_2021.csv
2021-11-18,95.8,95.84,95.52,95.54,Download Data - INDEX_US_IFUS_DXY_2021.csv
2021-11-19,95.59,96.24,95.58,96.03,Download Data - INDEX_US_IFUS_DXY_2021.csv
2021-11-22,96.04,96.55,96.04,96.55,Download Data - INDEX_US_IFUS_DXY_2021.csv
2021-11-23,96.46,96.61,96.31,96.49,Download Data - INDEX_US_IFUS_DXY_2021.csv
2021-11-24,96.53,96.94,96.44,96.88,Download Data - INDEX_US_IFUS_DXY_2021.csv
2021-11-25,96.81,96.82,96.65,96.77,Download Data - INDEX_US_IFUS_DXY_2021.csv
2021-11-26,96.72,96.77,95.75,96.09,Download Data - INDEX_US_IFUS_DXY_2021.csv
2021-11-29,96.16,96.45,96.14,96.34,Download Data - INDEX_US_IFUS_DXY_2021.csv
2021-11-30,96.22,96.64,95.52,95.99,Download Data - INDEX_US_IFUS_DXY_2021.csv
2021-12-01,95.94,96.14,95.67,96.03,Download Data - INDEX_US_IFUS_DXY_2021.csv
2021-12-02,96.07,96.18,95.83,96.16,Download Data - INDEX_US_IFUS_DXY_2021.csv
2021-12-03,96.12,96.45,95.97,96.12,Download Data - INDEX_US_IFUS_DXY_2021.csv
2021-12-06,96.16,96.43,96.13,96.33,Download Data - INDEX_US_IFUS_DXY_2021.csv
2021-12-07,96.3,96.59,96.17,96.37,Download Data - INDEX_US_IFUS_DXY_2021.csv
2021-12-08,96.26,96.38,95.85,95.89,Download Data - INDEX_US_IFUS_DXY_2021.csv
2021-12-09,95.96,96.34,95.97,96.27,Download Data - INDEX_US_IFUS_DXY_2021.csv
2021-12-10,96.22,96.43,95.98,96.1,Download Data - INDEX_US_IFUS_DXY_2021.csv
2021-12-13,96.09,96.45,96.05,96.32,Download Data - INDEX_US_IFUS_DXY_2021.csv
2021-12-14,96.35,96.59,96.1,96.57,Download Data - INDEX_US_IFUS_DXY_2021.csv
2021-12-15,96.55,96.91,96.3,96.51,Download Data - INDEX_US_IFUS_DXY_2021.csv
2021-12-16,96.43,96.45,95.85,96.04,Download Data - INDEX_US_IFUS_DXY_2021.csv
2021-12-17,96.0,96.69,95.88,96.57,Download Data - INDEX_US_IFUS_DXY_2021.csv
2021-12-20,96.67,96.69,96.34,96.55,Download Data - INDEX_US_IFUS_DXY_2021.csv
2021-12-21,96.54,96.64,96.34,96.49,Download Data - INDEX_US_IFUS_DXY_2021.csv
2021-12-22,96.47,96.6,96.02,96.08,Download Data - INDEX_US_IFUS_DXY_2021.csv
2021-12-23,96.03,96.28,95.99,96.06,Download Data - INDEX_US_IFUS_DXY_2021.csv
2021-12-24,96.03,96.28,95.99,96.02,Download Data - INDEX_US_IFUS_DXY_2021.csv
2021-12-27,96.15,96.26,96.05,96.09,Download Data - INDEX_US_IFUS_DXY_2021.csv
2021-12-28,96.07,96.28,96.0,96.2,Download Data - INDEX_US_IFUS_DXY_2021.csv
2021-12-29,96.15,96.4,95.76,95.93,Download Data - INDEX_US_IFUS_DXY_2021.csv
2021-12-30,95.89,96.22,95.86,95.97,Download Data - INDEX_US_IFUS_DXY_2021.csv
2021-12-31,95.99,96.11,95.57,95.97,Download Data - INDEX_US_IFUS_DXY_2021.csv
2022-01-03,95.65,96.33,95.63,96.21,Download Data - INDEX_US_IFUS_DXY_2021.csv
