Date,Open,High,Low,Close,__source_file__
2013-01-02,"1,426.19","1,462.43","1,426.19","1,462.42",Download Data - INDEX_US_S&P US_SPX_2013.csv
2013-01-03,"1,462.42","1,465.47","1,455.53","1,459.37",Download Data - INDEX_US_S&P US_SPX_2013.csv
2013-01-04,"1,459.37","1,467.94","1,458.99","1,466.47",Download Data - INDEX_US_S&P US_SPX_2013.csv
2013-01-07,"1,466.47","1,466.47","1,456.62","1,461.89",Download Data - INDEX_US_S&P US_SPX_2013.csv
2013-01-08,"1,461.89","1,461.89","1,451.64","1,457.15",Download Data - INDEX_US_S&P US_SPX_2013.csv
2013-01-09,"1,457.15","1,464.73","1,457.15","1,461.02",Download Data - INDEX_US_S&P US_SPX_2013.csv
2013-01-10,"1,461.02","1,472.30","1,461.02","1,472.12",Download Data - INDEX_US_S&P US_SPX_2013.csv
2013-01-11,"1,472.12","1,472.75","1,467.58","1,472.05",Download Data - INDEX_US_S&P US_SPX_2013.csv
2013-01-14,"1,472.05","1,472.05","1,465.69","1,470.68",Download Data - INDEX_US_S&P US_SPX_2013.csv
2013-01-15,"1,470.67","1,473.31","1,463.76","1,472.34",Download Data - INDEX_US_S&P US_SPX_2013.csv
2013-01-16,"1,472.33","1,473.96","1,467.60","1,472.63",Download Data - INDEX_US_S&P US_SPX_2013.csv
2013-01-17,"1,472.63","1,485.16","1,472.63","1,480.94",Download Data - INDEX_US_S&P US_SPX_2013.csv
2013-01-18,"1,480.95","1,485.98","1,475.81","1,485.98",Download Data - INDEX_US_S&P US_SPX_2013.csv
2013-01-22,"1,485.98","1,492.56","1,481.16","1,492.56",Download Data - INDEX_US_S&P US_SPX_2013.csv
2013-01-23,"1,492.56","1,496.13","1,489.90","1,494.81",Download Data - INDEX_US_S&P US_SPX_2013.csv
2013-01-24,"1,494.81","1,502.27","1,489.46","1,494.82",Download Data - INDEX_US_S&P US_SPX_2013.csv
2013-01-25,"1,494.82","1,503.26","1,494.82","1,502.96",Download Data - INDEX_US_S&P US_SPX_2013.csv
2013-01-28,"1,502.96","1,503.23","1,496.33","1,500.18",Download Data - INDEX_US_S&P US_SPX_2013.csv
2013-01-29,"1,500.18","1,509.35","1,498.09","1,507.84",Download Data - INDEX_US_S&P US_SPX_2013.csv
2013-01-30,"1,507.84","1,509.94","1,500.11","1,501.96",Download Data - INDEX_US_S&P US_SPX_2013.csv
2013-01-31,"1,501.96","1,504.19","1,496.76","1,498.11",Download Data - INDEX_US_S&P US_SPX_2013.csv
2013-02-01,"1,498.11","1,514.41","1,498.11","1,513.17",Download Data - INDEX_US_S&P US_SPX_2013.csv
2013-02-04,"1,513.17","1,513.17","1,495.02","1,495.71",Download Data - INDEX_US_S&P US_SPX_2013.csv
2013-02-05,"1,495.71","1,514.96","1,495.71","1,511.29",Download Data - INDEX_US_S&P US_SPX_2013.csv
2013-02-06,"1,511.29","1,512.53","1,504.71","1,512.12",Download Data - INDEX_US_S&P US_SPX_2013.csv
2013-02-07,"1,512.12","1,512.90","1,498.49","1,509.39",Download Data - INDEX_US_S&P US_SPX_2013.csv
2013-02-08,"1,509.39","1,518.31","1,509.39","1,517.93",Download Data - INDEX_US_S&P US_SPX_2013.csv
2013-02-11,"1,517.93","1,518.31","1,513.61","1,517.01",Download Data - INDEX_US_S&P US_SPX_2013.csv
2013-02-12,"1,517.01","1,522.29","1,515.61","1,519.43",Download Data - INDEX_US_S&P US_SPX_2013.csv
2013-02-13,"1,519.43","1,524.69","1,515.93","1,520.33",Download Data - INDEX_US_S&P US_SPX_2013.csv
2013-02-14,"1,520.33","1,523.14","1,514.02","1,521.38",Download Data - INDEX_US_S&P US_SPX_2013.csv
2013-02-15,"1,521.38","1,524.24","1,514.14","1,519.79",Download Data - INDEX_US_S&P US_SPX_2013.csv
2013-02-19,"1,519.79","1,530.94","1,519.79","1,530.94",Download Data - INDEX_US_S&P US_SPX_2013.csv
2013-02-20,"1,530.94","1,530.94","1,511.41","1,511.95",Download Data - INDEX_US_S&P US_SPX_2013.csv
2013-02-21,"1,511.95","1,511.95","1,497.29","1,502.42",Download Data - INDEX_US_S&P US_SPX_2013.csv
2013-02-22,"1,502.42","1,515.64","1,502.42","1,515.60",Download Data - INDEX_US_S&P US_SPX_2013.csv
2013-02-25,"1,515.60","1,525.84","1,487.85","1,487.85",Download Data - INDEX_US_S&P US_SPX_2013.csv
2013-02-26,"1,487.85","1,498.99","1,485.01","1,496.94",Download Data - INDEX_US_S&P US_SPX_2013.csv
2013-02-27,"1,496.94","1,520.08","1,494.88","1,515.99",Download Data - INDEX_US_S&P US_SPX_2013.csv
2013-02-28,"1,515.99","1,525.34","1,514.46","1,514.68",Download Data - INDEX_US_S&P US_SPX_2013.csv
2013-03-01,"1,514.68","1,519.99","1,501.48","1,518.20",Download Data - INDEX_US_S&P US_SPX_2013.csv
2013-03-04,"1,518.20","1,525.27","1,512.29","1,525.20",Download Data - INDEX_US_S&P US_SPX_2013.csv
2013-03-05,"1,525.20","1,543.47","1,525.20","1,539.79",Download Data - INDEX_US_S&P US_SPX_2013.csv
2013-03-06,"1,539.79","1,545.25","1,538.11","1,541.46",Download Data - INDEX_US_S&P US_SPX_2013.csv
2013-03-07,"1,541.46","1,545.78","1,541.46","1,544.26",Download Data - INDEX_US_S&P US_SPX_2013.csv
2013-03-08,"1,544.26","1,552.48","1,542.94","1,551.18",Download Data - INDEX_US_S&P US_SPX_2013.csv
2013-03-11,"1,551.15","1,556.27","1,547.36","1,556.22",Download Data - INDEX_US_S&P US_SPX_2013.csv
2013-03-12,"1,556.22","1,556.77","1,548.24","1,552.48",Download Data - INDEX_US_S&P US_SPX_2013.csv
2013-03-13,"1,552.48","1,556.39","1,548.25","1,554.52",Download Data - INDEX_US_S&P US_SPX_2013.csv
2013-03-14,"1,554.52","1,563.32","1,554.52","1,563.23",Download Data - INDEX_US_S&P US_SPX_2013.csv
2013-03-15,"1,563.21","1,563.62","1,555.74","1,560.70",Download Data - INDEX_US_S&P US_SPX_2013.csv
2013-03-18,"1,560.70","1,560.70","1,545.13","1,552.10",Download Data - INDEX_US_S&P US_SPX_2013.csv
2013-03-19,"1,552.10","1,557.25","1,538.57","1,548.34",Download Data - INDEX_US_S&P US_SPX_2013.csv
2013-03-20,"1,548.34","1,561.56","1,548.34","1,558.71",Download Data - INDEX_US_S&P US_SPX_2013.csv
2013-03-21,"1,558.71","1,558.71","1,543.55","1,545.80",Download Data - INDEX_US_S&P US_SPX_2013.csv
2013-03-22,"1,545.90","1,557.74","1,545.90","1,556.89",Download Data - INDEX_US_S&P US_SPX_2013.csv
2013-03-25,"1,556.89","1,564.91","1,546.22","1,551.69",Download Data - INDEX_US_S&P US_SPX_2013.csv
2013-03-26,"1,551.69","1,563.95","1,551.69","1,563.77",Download Data - INDEX_US_S&P US_SPX_2013.csv
2013-03-27,"1,563.75","1,564.07","1,551.90","1,562.85",Download Data - INDEX_US_S&P US_SPX_2013.csv
2013-03-28,"1,562.86","1,570.28","1,561.08","1,569.19",Download Data - INDEX_US_S&P US_SPX_2013.csv
2013-04-01,"1,569.18","1,570.57","1,558.47","1,562.17",Download Data - INDEX_US_S&P US_SPX_2013.csv
2013-04-02,"1,562.17","1,573.66","1,562.17","1,570.25",Download Data - INDEX_US_S&P US_SPX_2013.csv
2013-04-03,"1,570.25","1,571.47","1,549.80","1,553.69",Download Data - INDEX_US_S&P US_SPX_2013.csv
2013-04-04,"1,553.69","1,562.60","1,552.52","1,559.98",Download Data - INDEX_US_S&P US_SPX_2013.csv
2013-04-05,"1,559.98","1,559.98","1,539.50","1,553.28",Download Data - INDEX_US_S&P US_SPX_2013.csv
2013-04-08,"1,553.26","1,563.07","1,548.63","1,563.07",Download Data - INDEX_US_S&P US_SPX_2013.csv
2013-04-09,"1,563.11","1,573.89","1,560.92","1,568.61",Download Data - INDEX_US_S&P US_SPX_2013.csv
2013-04-10,"1,568.61","1,589.07","1,568.61","1,587.73",Download Data - INDEX_US_S&P US_SPX_2013.csv
2013-04-11,"1,587.73","1,597.35","1,586.17","1,593.37",Download Data - INDEX_US_S&P US_SPX_2013.csv
2013-04-12,"1,593.30","1,593.30","1,579.97","1,588.85",Download Data - INDEX_US_S&P US_SPX_2013.csv
2013-04-15,"1,588.84","1,588.84","1,552.28","1,552.36",Download Data - INDEX_US_S&P US_SPX_2013.csv
2013-04-16,"1,552.36","1,575.35","1,552.36","1,574.57",Download Data - INDEX_US_S&P US_SPX_2013.csv
2013-04-17,"1,574.57","1,574.57","1,543.69","1,552.01",Download Data - INDEX_US_S&P US_SPX_2013.csv
2013-04-18,"1,552.03","1,554.38","1,536.03","1,541.61",Download Data - INDEX_US_S&P US_SPX_2013.csv
2013-04-19,"1,541.61","1,555.89","1,539.40","1,555.25",Download Data - INDEX_US_S&P US_SPX_2013.csv
2013-04-22,"1,555.25","1,565.55","1,548.19","1,562.50",Download Data - INDEX_US_S&P US_SPX_2013.csv
2013-04-23,"1,562.50","1,579.58","1,562.50","1,578.78",Download Data - INDEX_US_S&P US_SPX_2013.csv
2013-04-24,"1,578.78","1,583.00","1,575.80","1,578.79",Download Data - INDEX_US_S&P US_SPX_2013.csv
2013-04-25,"1,578.93","1,592.64","1,578.93","1,585.16",Download Data - INDEX_US_S&P US_SPX_2013.csv
2013-04-26,"1,585.16","1,585.78","1,577.56","1,582.24",Download Data - INDEX_US_S&P US_SPX_2013.csv
2013-04-29,"1,582.34","1,596.65","1,582.34","1,593.61",Download Data - INDEX_US_S&P US_SPX_2013.csv
2013-04-30,"1,593.58","1,597.57","1,586.50","1,597.57",Download Data - INDEX_US_S&P US_SPX_2013.csv
2013-05-01,"1,597.55","1,597.55","1,581.28","1,582.70",Download Data - INDEX_US_S&P US_SPX_2013.csv
2013-05-02,"1,582.77","1,598.60","1,582.77","1,597.59",Download Data - INDEX_US_S&P US_SPX_2013.csv
2013-05-03,"1,597.60","1,618.46","1,597.60","1,614.42",Download Data - INDEX_US_S&P US_SPX_2013.csv
2013-05-06,"1,614.40","1,619.77","1,614.21","1,617.50",Download Data - INDEX_US_S&P US_SPX_2013.csv
2013-05-07,"1,617.55","1,626.03","1,616.64","1,625.96",Download Data - INDEX_US_S&P US_SPX_2013.csv
2013-05-08,"1,625.95","1,632.78","1,622.70","1,632.69",Download Data - INDEX_US_S&P US_SPX_2013.csv
2013-05-09,"1,632.69","1,635.01","1,623.09","1,626.67",Download Data - INDEX_US_S&P US_SPX_2013.csv
2013-05-10,"1,626.69","1,633.70","1,623.71","1,633.70",Download Data - INDEX_US_S&P US_SPX_2013.csv
2013-05-13,"1,632.10","1,636.00","1,626.74","1,633.77",Download Data - INDEX_US_S&P US_SPX_2013.csv
2013-05-14,"1,633.75","1,651.10","1,633.75","1,650.34",Download Data - INDEX_US_S&P US_SPX_2013.csv
2013-05-15,"1,649.13","1,661.49","1,646.68","1,658.78",Download Data - INDEX_US_S&P US_SPX_2013.csv
2013-05-16,"1,658.07","1,660.51","1,648.60","1,650.47",Download Data - INDEX_US_S&P US_SPX_2013.csv
2013-05-17,"1,652.45","1,667.47","1,652.45","1,667.47",Download Data - INDEX_US_S&P US_SPX_2013.csv
2013-05-20,"1,665.71","1,672.84","1,663.52","1,666.29",Download Data - INDEX_US_S&P US_SPX_2013.csv
2013-05-21,"1,666.20","1,674.93","1,662.67","1,669.16",Download Data - INDEX_US_S&P US_SPX_2013.csv
2013-05-22,"1,669.39","1,687.18","1,648.86","1,655.35",Download Data - INDEX_US_S&P US_SPX_2013.csv
2013-05-23,"1,651.62","1,655.50","1,635.53","1,650.51",Download Data - INDEX_US_S&P US_SPX_2013.csv
2013-05-24,"1,646.67","1,649.78","1,636.88","1,649.60",Download Data - INDEX_US_S&P US_SPX_2013.csv
2013-05-28,"1,652.63","1,674.21","1,652.63","1,660.06",Download Data - INDEX_US_S&P US_SPX_2013.csv
2013-05-29,"1,656.57","1,656.57","1,640.05","1,648.36",Download Data - INDEX_US_S&P US_SPX_2013.csv
2013-05-30,"1,649.14","1,661.91","1,648.61","1,654.41",Download Data - INDEX_US_S&P US_SPX_2013.csv
2013-05-31,"1,652.13","1,658.99","1,630.74","1,630.74",Download Data - INDEX_US_S&P US_SPX_2013.csv
2013-06-03,"1,631.71","1,640.42","1,622.72","1,640.42",Download Data - INDEX_US_S&P US_SPX_2013.csv
2013-06-04,"1,640.73","1,646.53","1,623.62","1,631.38",Download Data - INDEX_US_S&P US_SPX_2013.csv
2013-06-05,"1,629.05","1,629.31","1,607.09","1,608.90",Download Data - INDEX_US_S&P US_SPX_2013.csv
2013-06-06,"1,609.29","1,622.56","1,598.23","1,622.56",Download Data - INDEX_US_S&P US_SPX_2013.csv
2013-06-07,"1,625.27","1,644.40","1,625.27","1,643.38",Download Data - INDEX_US_S&P US_SPX_2013.csv
2013-06-10,"1,644.67","1,648.69","1,639.26","1,642.81",Download Data - INDEX_US_S&P US_SPX_2013.csv
2013-06-11,"1,638.64","1,640.13","1,622.92","1,626.13",Download Data - INDEX_US_S&P US_SPX_2013.csv
2013-06-12,"1,629.94","1,637.71","1,610.92","1,612.52",Download Data - INDEX_US_S&P US_SPX_2013.csv
2013-06-13,"1,612.15","1,639.25","1,608.07","1,636.36",Download Data - INDEX_US_S&P US_SPX_2013.csv
2013-06-14,"1,635.52","1,640.80","1,623.96","1,626.73",Download Data - INDEX_US_S&P US_SPX_2013.csv
2013-06-17,"1,630.64","1,646.50","1,630.34","1,639.04",Download Data - INDEX_US_S&P US_SPX_2013.csv
2013-06-18,"1,639.77","1,654.19","1,639.77","1,651.81",Download Data - INDEX_US_S&P US_SPX_2013.csv
2013-06-19,"1,651.83","1,652.45","1,628.91","1,628.93",Download Data - INDEX_US_S&P US_SPX_2013.csv
2013-06-20,"1,624.62","1,624.62","1,584.32","1,588.19",Download Data - INDEX_US_S&P US_SPX_2013.csv
2013-06-21,"1,588.62","1,599.19","1,577.70","1,592.43",Download Data - INDEX_US_S&P US_SPX_2013.csv
2013-06-24,"1,588.77","1,588.77","1,560.33","1,573.09",Download Data - INDEX_US_S&P US_SPX_2013.csv
2013-06-25,"1,577.52","1,593.79","1,577.09","1,588.03",Download Data - INDEX_US_S&P US_SPX_2013.csv
2013-06-26,"1,592.27","1,606.83","1,592.27","1,603.26",Download Data - INDEX_US_S&P US_SPX_2013.csv
2013-06-27,"1,606.44","1,620.07","1,606.44","1,613.20",Download Data - INDEX_US_S&P US_SPX_2013.csv
2013-06-28,"1,611.12","1,615.94","1,601.06","1,606.28",Download Data - INDEX_US_S&P US_SPX_2013.csv
2013-07-01,"1,609.78","1,626.61","1,609.78","1,614.96",Download Data - INDEX_US_S&P US_SPX_2013.csv
2013-07-02,"1,614.29","1,624.26","1,606.77","1,614.08",Download Data - INDEX_US_S&P US_SPX_2013.csv
2013-07-03,"1,611.48","1,618.97","1,604.57","1,615.41",Download Data - INDEX_US_S&P US_SPX_2013.csv
2013-07-05,"1,618.65","1,632.07","1,614.71","1,631.89",Download Data - INDEX_US_S&P US_SPX_2013.csv
2013-07-08,"1,634.20","1,644.68","1,634.20","1,640.46",Download Data - INDEX_US_S&P US_SPX_2013.csv
2013-07-09,"1,642.89","1,654.18","1,642.89","1,652.32",Download Data - INDEX_US_S&P US_SPX_2013.csv
2013-07-10,"1,651.56","1,657.92","1,647.66","1,652.62",Download Data - INDEX_US_S&P US_SPX_2013.csv
2013-07-11,"1,657.41","1,676.63","1,657.41","1,675.02",Download Data - INDEX_US_S&P US_SPX_2013.csv
2013-07-12,"1,675.26","1,680.19","1,672.33","1,680.19",Download Data - INDEX_US_S&P US_SPX_2013.csv
2013-07-15,"1,679.59","1,684.51","1,677.89","1,682.50",Download Data - INDEX_US_S&P US_SPX_2013.csv
2013-07-16,"1,682.70","1,683.73","1,671.84","1,676.26",Download Data - INDEX_US_S&P US_SPX_2013.csv
2013-07-17,"1,677.91","1,684.75","1,677.91","1,680.91",Download Data - INDEX_US_S&P US_SPX_2013.csv
2013-07-18,"1,681.05","1,693.12","1,681.05","1,689.37",Download Data - INDEX_US_S&P US_SPX_2013.csv
2013-07-19,"1,686.15","1,692.09","1,684.08","1,692.09",Download Data - INDEX_US_S&P US_SPX_2013.csv
2013-07-22,"1,694.41","1,697.61","1,690.67","1,695.53",Download Data - INDEX_US_S&P US_SPX_2013.csv
2013-07-23,"1,696.63","1,698.78","1,691.13","1,692.39",Download Data - INDEX_US_S&P US_SPX_2013.csv
2013-07-24,"1,696.06","1,698.38","1,682.57","1,685.94",Download Data - INDEX_US_S&P US_SPX_2013.csv
2013-07-25,"1,685.21","1,690.94","1,680.07","1,690.25",Download Data - INDEX_US_S&P US_SPX_2013.csv
2013-07-26,"1,687.31","1,691.85","1,676.03","1,691.65",Download Data - INDEX_US_S&P US_SPX_2013.csv
2013-07-29,"1,690.32","1,690.92","1,681.86","1,685.33",Download Data - INDEX_US_S&P US_SPX_2013.csv
2013-07-30,"1,687.92","1,693.19","1,682.42","1,685.96",Download Data - INDEX_US_S&P US_SPX_2013.csv
2013-07-31,"1,687.76","1,698.43","1,684.94","1,685.73",Download Data - INDEX_US_S&P US_SPX_2013.csv
2013-08-01,"1,689.42","1,707.85","1,689.42","1,706.87",Download Data - INDEX_US_S&P US_SPX_2013.csv
2013-08-02,"1,706.10","1,709.67","1,700.68","1,709.67",Download Data - INDEX_US_S&P US_SPX_2013.csv
2013-08-05,"1,708.01","1,709.24","1,703.55","1,707.14",Download Data - INDEX_US_S&P US_SPX_2013.csv
2013-08-06,"1,705.79","1,705.79","1,693.29","1,697.37",Download Data - INDEX_US_S&P US_SPX_2013.csv
2013-08-07,"1,695.30","1,695.30","1,684.91","1,690.91",Download Data - INDEX_US_S&P US_SPX_2013.csv
2013-08-08,"1,693.35","1,700.18","1,688.38","1,697.48",Download Data - INDEX_US_S&P US_SPX_2013.csv
2013-08-09,"1,696.10","1,699.42","1,686.02","1,691.42",Download Data - INDEX_US_S&P US_SPX_2013.csv
2013-08-12,"1,688.37","1,691.49","1,683.35","1,689.47",Download Data - INDEX_US_S&P US_SPX_2013.csv
2013-08-13,"1,690.65","1,696.81","1,682.62","1,694.16",Download Data - INDEX_US_S&P US_SPX_2013.csv
2013-08-14,"1,693.88","1,695.52","1,684.83","1,685.39",Download Data - INDEX_US_S&P US_SPX_2013.csv
2013-08-15,"1,679.61","1,679.61","1,658.59","1,661.32",Download Data - INDEX_US_S&P US_SPX_2013.csv
2013-08-16,"1,661.22","1,663.60","1,652.61","1,655.83",Download Data - INDEX_US_S&P US_SPX_2013.csv
2013-08-19,"1,655.25","1,659.18","1,645.84","1,646.06",Download Data - INDEX_US_S&P US_SPX_2013.csv
2013-08-20,"1,646.81","1,658.92","1,646.08","1,652.35",Download Data - INDEX_US_S&P US_SPX_2013.csv
2013-08-21,"1,650.66","1,656.99","1,639.43","1,642.80",Download Data - INDEX_US_S&P US_SPX_2013.csv
2013-08-22,"1,645.03","1,659.55","1,645.03","1,656.96",Download Data - INDEX_US_S&P US_SPX_2013.csv
2013-08-23,"1,659.92","1,664.85","1,654.81","1,663.50",Download Data - INDEX_US_S&P US_SPX_2013.csv
2013-08-26,"1,664.29","1,669.51","1,656.02","1,656.78",Download Data - INDEX_US_S&P US_SPX_2013.csv
2013-08-27,"1,652.54","1,652.54","1,629.05","1,630.48",Download Data - INDEX_US_S&P US_SPX_2013.csv
2013-08-28,"1,630.25","1,641.18","1,627.47","1,634.96",Download Data - INDEX_US_S&P US_SPX_2013.csv
2013-08-29,"1,633.50","1,646.41","1,630.88","1,638.17",Download Data - INDEX_US_S&P US_SPX_2013.csv
2013-08-30,"1,638.89","1,640.08","1,628.05","1,632.97",Download Data - INDEX_US_S&P US_SPX_2013.csv
2013-09-03,"1,635.95","1,651.35","1,633.41","1,639.77",Download Data - INDEX_US_S&P US_SPX_2013.csv
2013-09-04,"1,640.72","1,655.72","1,637.41","1,653.08",Download Data - INDEX_US_S&P US_SPX_2013.csv
2013-09-05,"1,653.28","1,659.17","1,653.07","1,655.08",Download Data - INDEX_US_S&P US_SPX_2013.csv
2013-09-06,"1,657.44","1,664.83","1,640.62","1,655.17",Download Data - INDEX_US_S&P US_SPX_2013.csv
2013-09-09,"1,656.85","1,672.40","1,656.85","1,671.71",Download Data - INDEX_US_S&P US_SPX_2013.csv
2013-09-10,"1,674.32","1,684.09","1,674.32","1,683.99",Download Data - INDEX_US_S&P US_SPX_2013.csv
2013-09-11,"1,681.04","1,689.13","1,678.70","1,689.13",Download Data - INDEX_US_S&P US_SPX_2013.csv
2013-09-12,"1,689.21","1,689.97","1,681.96","1,683.42",Download Data - INDEX_US_S&P US_SPX_2013.csv
2013-09-13,"1,685.04","1,688.73","1,682.22","1,687.99",Download Data - INDEX_US_S&P US_SPX_2013.csv
2013-09-16,"1,691.70","1,704.95","1,691.70","1,697.60",Download Data - INDEX_US_S&P US_SPX_2013.csv
2013-09-17,"1,697.73","1,705.52","1,697.73","1,704.76",Download Data - INDEX_US_S&P US_SPX_2013.csv
2013-09-18,"1,705.74","1,729.44","1,700.35","1,725.52",Download Data - INDEX_US_S&P US_SPX_2013.csv
2013-09-19,"1,727.34","1,729.86","1,720.20","1,722.34",Download Data - INDEX_US_S&P US_SPX_2013.csv
2013-09-20,"1,722.44","1,725.23","1,708.89","1,709.91",Download Data - INDEX_US_S&P US_SPX_2013.csv
2013-09-23,"1,711.44","1,711.44","1,697.10","1,701.84",Download Data - INDEX_US_S&P US_SPX_2013.csv
2013-09-24,"1,702.60","1,707.63","1,694.90","1,697.42",Download Data - INDEX_US_S&P US_SPX_2013.csv
2013-09-25,"1,698.02","1,701.71","1,691.88","1,692.77",Download Data - INDEX_US_S&P US_SPX_2013.csv
2013-09-26,"1,694.05","1,703.85","1,693.11","1,698.67",Download Data - INDEX_US_S&P US_SPX_2013.csv
2013-09-27,"1,695.52","1,695.52","1,687.11","1,691.75",Download Data - INDEX_US_S&P US_SPX_2013.csv
2013-09-30,"1,687.26","1,687.26","1,674.99","1,681.55",Download Data - INDEX_US_S&P US_SPX_2013.csv
2013-10-01,"1,682.41","1,696.55","1,682.07","1,695.00",Download Data - INDEX_US_S&P US_SPX_2013.csv
2013-10-02,"1,691.90","1,693.87","1,680.34","1,693.87",Download Data - INDEX_US_S&P US_SPX_2013.csv
2013-10-03,"1,692.35","1,692.35","1,670.36","1,678.66",Download Data - INDEX_US_S&P US_SPX_2013.csv
2013-10-04,"1,678.79","1,691.94","1,677.33","1,690.50",Download Data - INDEX_US_S&P US_SPX_2013.csv
2013-10-07,"1,687.15","1,687.15","1,674.70","1,676.12",Download Data - INDEX_US_S&P US_SPX_2013.csv
2013-10-08,"1,676.22","1,676.79","1,655.03","1,655.45",Download Data - INDEX_US_S&P US_SPX_2013.csv
2013-10-09,"1,656.99","1,662.47","1,646.47","1,656.40",Download Data - INDEX_US_S&P US_SPX_2013.csv
2013-10-10,"1,660.88","1,692.56","1,660.88","1,692.56",Download Data - INDEX_US_S&P US_SPX_2013.csv
2013-10-11,"1,691.09","1,703.44","1,688.52","1,703.20",Download Data - INDEX_US_S&P US_SPX_2013.csv
2013-10-14,"1,699.86","1,711.03","1,692.13","1,710.14",Download Data - INDEX_US_S&P US_SPX_2013.csv
2013-10-15,"1,709.17","1,711.57","1,695.93","1,698.06",Download Data - INDEX_US_S&P US_SPX_2013.csv
2013-10-16,"1,700.49","1,721.76","1,700.49","1,721.54",Download Data - INDEX_US_S&P US_SPX_2013.csv
2013-10-17,"1,720.17","1,733.45","1,714.12","1,733.15",Download Data - INDEX_US_S&P US_SPX_2013.csv
2013-10-18,"1,736.72","1,745.31","1,735.74","1,744.50",Download Data - INDEX_US_S&P US_SPX_2013.csv
2013-10-21,"1,745.20","1,747.79","1,740.67","1,744.66",Download Data - INDEX_US_S&P US_SPX_2013.csv
2013-10-22,"1,746.48","1,759.33","1,746.48","1,754.67",Download Data - INDEX_US_S&P US_SPX_2013.csv
2013-10-23,"1,752.27","1,752.27","1,740.50","1,746.38",Download Data - INDEX_US_S&P US_SPX_2013.csv
2013-10-24,"1,747.48","1,753.94","1,745.50","1,752.07",Download Data - INDEX_US_S&P US_SPX_2013.csv
2013-10-25,"1,756.01","1,759.82","1,752.45","1,759.77",Download Data - INDEX_US_S&P US_SPX_2013.csv
2013-10-28,"1,759.42","1,764.99","1,757.67","1,762.11",Download Data - INDEX_US_S&P US_SPX_2013.csv
2013-10-29,"1,762.93","1,772.09","1,762.93","1,771.95",Download Data - INDEX_US_S&P US_SPX_2013.csv
2013-10-30,"1,772.27","1,775.22","1,757.24","1,763.31",Download Data - INDEX_US_S&P US_SPX_2013.csv
2013-10-31,"1,763.24","1,768.53","1,755.72","1,756.54",Download Data - INDEX_US_S&P US_SPX_2013.csv
2013-11-01,"1,758.70","1,765.67","1,752.70","1,761.64",Download Data - INDEX_US_S&P US_SPX_2013.csv
2013-11-04,"1,763.40","1,768.78","1,761.56","1,767.93",Download Data - INDEX_US_S&P US_SPX_2013.csv
2013-11-05,"1,765.67","1,767.03","1,755.76","1,762.97",Download Data - INDEX_US_S&P US_SPX_2013.csv
2013-11-06,"1,765.00","1,773.74","1,764.40","1,770.49",Download Data - INDEX_US_S&P US_SPX_2013.csv
2013-11-07,"1,770.74","1,774.54","1,746.20","1,747.15",Download Data - INDEX_US_S&P US_SPX_2013.csv
2013-11-08,"1,748.37","1,770.78","1,747.63","1,770.61",Download Data - INDEX_US_S&P US_SPX_2013.csv
2013-11-11,"1,769.96","1,773.44","1,767.85","1,771.89",Download Data - INDEX_US_S&P US_SPX_2013.csv
2013-11-12,"1,769.51","1,771.78","1,762.29","1,767.69",Download Data - INDEX_US_S&P US_SPX_2013.csv
2013-11-13,"1,764.37","1,782.00","1,760.64","1,782.00",Download Data - INDEX_US_S&P US_SPX_2013.csv
2013-11-14,"1,782.75","1,791.53","1,780.22","1,790.62",Download Data - INDEX_US_S&P US_SPX_2013.csv
2013-11-15,"1,790.66","1,798.22","1,790.66","1,798.18",Download Data - INDEX_US_S&P US_SPX_2013.csv
2013-11-18,"1,798.82","1,802.33","1,788.00","1,791.53",Download Data - INDEX_US_S&P US_SPX_2013.csv
2013-11-19,"1,790.79","1,795.51","1,784.72","1,787.87",Download Data - INDEX_US_S&P US_SPX_2013.csv
2013-11-20,"1,789.59","1,795.73","1,777.23","1,781.37",Download Data - INDEX_US_S&P US_SPX_2013.csv
2013-11-21,"1,783.52","1,797.16","1,783.52","1,795.85",Download Data - INDEX_US_S&P US_SPX_2013.csv
2013-11-22,"1,797.21","1,804.84","1,794.70","1,804.76",Download Data - INDEX_US_S&P US_SPX_2013.csv
2013-11-25,"1,806.33","1,808.10","1,800.58","1,802.48",Download Data - INDEX_US_S&P US_SPX_2013.csv
2013-11-26,"1,802.87","1,808.42","1,800.77","1,802.75",Download Data - INDEX_US_S&P US_SPX_2013.csv
2013-11-27,"1,803.48","1,808.27","1,802.77","1,807.23",Download Data - INDEX_US_S&P US_SPX_2013.csv
2013-11-29,"1,808.69","1,813.55","1,803.98","1,805.81",Download Data - INDEX_US_S&P US_SPX_2013.csv
2013-12-02,"1,806.55","1,810.02","1,798.60","1,800.90",Download Data - INDEX_US_S&P US_SPX_2013.csv
2013-12-03,"1,800.10","1,800.10","1,787.85","1,795.15",Download Data - INDEX_US_S&P US_SPX_2013.csv
2013-12-04,"1,793.15","1,799.80","1,779.09","1,792.81",Download Data - INDEX_US_S&P US_SPX_2013.csv
2013-12-05,"1,792.82","1,792.82","1,783.38","1,785.03",Download Data - INDEX_US_S&P US_SPX_2013.csv
2013-12-06,"1,788.36","1,806.04","1,788.36","1,805.09",Download Data - INDEX_US_S&P US_SPX_2013.csv
2013-12-09,"1,806.21","1,811.52","1,806.21","1,808.37",Download Data - INDEX_US_S&P US_SPX_2013.csv
2013-12-10,"1,807.60","1,808.52","1,801.75","1,802.62",Download Data - INDEX_US_S&P US_SPX_2013.csv
2013-12-11,"1,802.76","1,802.97","1,780.09","1,782.22",Download Data - INDEX_US_S&P US_SPX_2013.csv
2013-12-12,"1,781.71","1,782.99","1,772.28","1,775.50",Download Data - INDEX_US_S&P US_SPX_2013.csv
2013-12-13,"1,777.98","1,780.92","1,772.45","1,775.32",Download Data - INDEX_US_S&P US_SPX_2013.csv
2013-12-16,"1,777.48","1,792.22","1,777.48","1,786.54",Download Data - INDEX_US_S&P US_SPX_2013.csv
2013-12-17,"1,786.47","1,786.77","1,777.05","1,781.00",Download Data - INDEX_US_S&P US_SPX_2013.csv
2013-12-18,"1,781.46","1,811.08","1,767.99","1,810.65",Download Data - INDEX_US_S&P US_SPX_2013.csv
2013-12-19,"1,809.00","1,810.88","1,801.35","1,809.60",Download Data - INDEX_US_S&P US_SPX_2013.csv
2013-12-20,"1,810.39","1,823.75","1,810.25","1,818.32",Download Data - INDEX_US_S&P US_SPX_2013.csv
2013-12-23,"1,822.92","1,829.75","1,822.92","1,827.99",Download Data - INDEX_US_S&P US_SPX_2013.csv
2013-12-24,"1,828.02","1,833.32","1,828.02","1,833.32",Download Data - INDEX_US_S&P US_SPX_2013.csv
2013-12-26,"1,834.96","1,842.84","1,834.96","1,842.02",Download Data - INDEX_US_S&P US_SPX_2013.csv
2013-12-27,"1,842.97","1,844.89","1,839.81","1,841.40",Download Data - INDEX_US_S&P US_SPX_2013.csv
2013-12-30,"1,841.47","1,842.47","1,838.77","1,841.07",Download Data - INDEX_US_S&P US_SPX_2013.csv
2013-12-31,"1,842.61","1,849.44","1,842.41","1,848.36",Download Data - INDEX_US_S&P US_SPX_2013.csv
2020-01-02,"3,244.67","3,258.14","3,235.53","3,257.85",Download Data - INDEX_US_S&P US_SPX-2020.csv
2020-01-03,"3,226.36","3,246.15","3,222.34","3,234.85",Download Data - INDEX_US_S&P US_SPX-2020.csv
2020-01-06,"3,217.55","3,246.84","3,214.64","3,246.28",Download Data - INDEX_US_S&P US_SPX-2020.csv
2020-01-07,"3,241.86","3,244.91","3,232.43","3,237.18",Download Data - INDEX_US_S&P US_SPX-2020.csv
2020-01-08,"3,238.59","3,267.07","3,236.67","3,253.05",Download Data - INDEX_US_S&P US_SPX-2020.csv
2020-01-09,"3,266.03","3,275.58","3,263.67","3,274.70",Download Data - INDEX_US_S&P US_SPX-2020.csv
2020-01-10,"3,281.81","3,282.99","3,260.86","3,265.35",Download Data - INDEX_US_S&P US_SPX-2020.csv
2020-01-13,"3,271.13","3,288.13","3,268.43","3,288.13",Download Data - INDEX_US_S&P US_SPX-2020.csv
2020-01-14,"3,285.35","3,294.25","3,277.19","3,283.15",Download Data - INDEX_US_S&P US_SPX-2020.csv
2020-01-15,"3,282.27","3,298.66","3,280.69","3,289.29",Download Data - INDEX_US_S&P US_SPX-2020.csv
2020-01-16,"3,302.97","3,317.11","3,302.82","3,316.81",Download Data - INDEX_US_S&P US_SPX-2020.csv
2020-01-17,"3,323.66","3,329.88","3,318.86","3,329.62",Download Data - INDEX_US_S&P US_SPX-2020.csv
2020-01-21,"3,321.03","3,329.79","3,316.61","3,320.79",Download Data - INDEX_US_S&P US_SPX-2020.csv
2020-01-22,"3,330.02","3,337.77","3,320.04","3,321.75",Download Data - INDEX_US_S&P US_SPX-2020.csv
2020-01-23,"3,315.77","3,326.88","3,301.87","3,325.54",Download Data - INDEX_US_S&P US_SPX-2020.csv
2020-01-24,"3,333.10","3,333.18","3,281.53","3,295.47",Download Data - INDEX_US_S&P US_SPX-2020.csv
2020-01-27,"3,247.16","3,258.85","3,234.50","3,243.63",Download Data - INDEX_US_S&P US_SPX-2020.csv
2020-01-28,"3,255.35","3,285.78","3,253.22","3,276.24",Download Data - INDEX_US_S&P US_SPX-2020.csv
2020-01-29,"3,289.46","3,293.47","3,271.89","3,273.40",Download Data - INDEX_US_S&P US_SPX-2020.csv
2020-01-30,"3,256.45","3,285.91","3,242.80","3,283.66",Download Data - INDEX_US_S&P US_SPX-2020.csv
2020-01-31,"3,282.33","3,282.33","3,214.68","3,225.52",Download Data - INDEX_US_S&P US_SPX-2020.csv
2020-02-03,"3,235.66","3,268.44","3,235.66","3,248.92",Download Data - INDEX_US_S&P US_SPX-2020.csv
2020-02-04,"3,280.61","3,306.92","3,280.61","3,297.59",Download Data - INDEX_US_S&P US_SPX-2020.csv
2020-02-05,"3,324.91","3,337.58","3,313.75","3,334.69",Download Data - INDEX_US_S&P US_SPX-2020.csv
2020-02-06,"3,344.92","3,347.96","3,334.39","3,345.78",Download Data - INDEX_US_S&P US_SPX-2020.csv
2020-02-07,"3,335.54","3,341.42","3,322.12","3,327.71",Download Data - INDEX_US_S&P US_SPX-2020.csv
2020-02-10,"3,318.28","3,352.26","3,317.77","3,352.09",Download Data - INDEX_US_S&P US_SPX-2020.csv
2020-02-11,"3,365.87","3,375.63","3,352.72","3,357.75",Download Data - INDEX_US_S&P US_SPX-2020.csv
2020-02-12,"3,370.50","3,381.47","3,369.72","3,379.45",Download Data - INDEX_US_S&P US_SPX-2020.csv
2020-02-13,"3,365.90","3,385.09","3,360.52","3,373.94",Download Data - INDEX_US_S&P US_SPX-2020.csv
2020-02-14,"3,378.08","3,380.69","3,366.15","3,380.16",Download Data - INDEX_US_S&P US_SPX-2020.csv
2020-02-18,"3,369.04","3,375.01","3,355.61","3,370.29",Download Data - INDEX_US_S&P US_SPX-2020.csv
2020-02-19,"3,380.39","3,393.52","3,378.83","3,386.15",Download Data - INDEX_US_S&P US_SPX-2020.csv
2020-02-20,"3,380.45","3,389.15","3,341.02","3,373.23",Download Data - INDEX_US_S&P US_SPX-2020.csv
2020-02-21,"3,360.50","3,360.76","3,328.45","3,337.75",Download Data - INDEX_US_S&P US_SPX-2020.csv
2020-02-24,"3,257.61","3,259.81","3,214.65","3,225.89",Download Data - INDEX_US_S&P US_SPX-2020.csv
2020-02-25,"3,238.94","3,246.99","3,118.77","3,128.21",Download Data - INDEX_US_S&P US_SPX-2020.csv
2020-02-26,"3,139.90","3,182.51","3,108.99","3,116.39",Download Data - INDEX_US_S&P US_SPX-2020.csv
2020-02-27,"3,062.54","3,097.07","2,977.39","2,978.76",Download Data - INDEX_US_S&P US_SPX-2020.csv
2020-02-28,"2,916.90","2,959.72","2,855.84","2,954.22",Download Data - INDEX_US_S&P US_SPX-2020.csv
2020-03-02,"2,974.28","3,090.96","2,945.19","3,090.23",Download Data - INDEX_US_S&P US_SPX-2020.csv
2020-03-03,"3,096.46","3,136.72","2,976.63","3,003.37",Download Data - INDEX_US_S&P US_SPX-2020.csv
2020-03-04,"3,045.75","3,130.97","3,034.38","3,130.12",Download Data - INDEX_US_S&P US_SPX-2020.csv
2020-03-05,"3,075.70","3,083.04","2,999.83","3,023.94",Download Data - INDEX_US_S&P US_SPX-2020.csv
2020-03-06,"2,954.20","2,985.93","2,901.54","2,972.37",Download Data - INDEX_US_S&P US_SPX-2020.csv
2020-03-09,"2,863.89","2,863.89","2,734.43","2,746.56",Download Data - INDEX_US_S&P US_SPX-2020.csv
2020-03-10,"2,813.48","2,882.59","2,734.00","2,882.23",Download Data - INDEX_US_S&P US_SPX-2020.csv
2020-03-11,"2,825.60","2,825.60","2,707.22","2,741.38",Download Data - INDEX_US_S&P US_SPX-2020.csv
2020-03-12,"2,630.86","2,660.95","2,478.86","2,480.64",Download Data - INDEX_US_S&P US_SPX-2020.csv
2020-03-13,"2,569.99","2,711.33","2,492.37","2,711.02",Download Data - INDEX_US_S&P US_SPX-2020.csv
2020-03-16,"2,508.59","2,562.98","2,380.94","2,386.13",Download Data - INDEX_US_S&P US_SPX-2020.csv
2020-03-17,"2,425.66","2,553.93","2,367.04","2,529.19",Download Data - INDEX_US_S&P US_SPX-2020.csv
2020-03-18,"2,436.50","2,453.57","2,280.52","2,398.10",Download Data - INDEX_US_S&P US_SPX-2020.csv
2020-03-19,"2,393.48","2,466.97","2,319.78","2,409.39",Download Data - INDEX_US_S&P US_SPX-2020.csv
2020-03-20,"2,431.94","2,453.01","2,295.56","2,304.92",Download Data - INDEX_US_S&P US_SPX-2020.csv
2020-03-23,"2,290.71","2,300.73","2,191.86","2,237.40",Download Data - INDEX_US_S&P US_SPX-2020.csv
2020-03-24,"2,344.44","2,449.71","2,344.44","2,447.33",Download Data - INDEX_US_S&P US_SPX-2020.csv
2020-03-25,"2,457.77","2,571.42","2,407.53","2,475.56",Download Data - INDEX_US_S&P US_SPX-2020.csv
2020-03-26,"2,501.29","2,637.01","2,500.72","2,630.07",Download Data - INDEX_US_S&P US_SPX-2020.csv
2020-03-27,"2,555.87","2,615.91","2,520.02","2,541.47",Download Data - INDEX_US_S&P US_SPX-2020.csv
2020-03-30,"2,558.98","2,631.80","2,545.28","2,626.65",Download Data - INDEX_US_S&P US_SPX-2020.csv
2020-03-31,"2,614.69","2,641.39","2,571.15","2,584.59",Download Data - INDEX_US_S&P US_SPX-2020.csv
2020-04-01,"2,498.08","2,522.75","2,447.49","2,470.50",Download Data - INDEX_US_S&P US_SPX-2020.csv
2020-04-02,"2,458.54","2,533.22","2,455.79","2,526.90",Download Data - INDEX_US_S&P US_SPX-2020.csv
2020-04-03,"2,514.92","2,538.18","2,459.96","2,488.65",Download Data - INDEX_US_S&P US_SPX-2020.csv
2020-04-06,"2,578.28","2,676.85","2,574.57","2,663.68",Download Data - INDEX_US_S&P US_SPX-2020.csv
2020-04-07,"2,738.65","2,756.89","2,657.67","2,659.41",Download Data - INDEX_US_S&P US_SPX-2020.csv
2020-04-08,"2,685.00","2,760.75","2,663.30","2,749.98",Download Data - INDEX_US_S&P US_SPX-2020.csv
2020-04-09,"2,776.99","2,818.57","2,762.36","2,789.82",Download Data - INDEX_US_S&P US_SPX-2020.csv
2020-04-13,"2,782.46","2,782.46","2,721.17","2,761.63",Download Data - INDEX_US_S&P US_SPX-2020.csv
2020-04-14,"2,805.10","2,851.85","2,805.10","2,846.06",Download Data - INDEX_US_S&P US_SPX-2020.csv
2020-04-15,"2,795.64","2,801.88","2,761.54","2,783.36",Download Data - INDEX_US_S&P US_SPX-2020.csv
2020-04-16,"2,799.34","2,806.51","2,764.32","2,799.55",Download Data - INDEX_US_S&P US_SPX-2020.csv
2020-04-17,"2,842.43","2,879.22","2,830.88","2,874.56",Download Data - INDEX_US_S&P US_SPX-2020.csv
2020-04-20,"2,845.62","2,868.98","2,820.43","2,823.16",Download Data - INDEX_US_S&P US_SPX-2020.csv
2020-04-21,"2,784.81","2,785.54","2,727.10","2,736.56",Download Data - INDEX_US_S&P US_SPX-2020.csv
2020-04-22,"2,787.89","2,815.10","2,775.95","2,799.31",Download Data - INDEX_US_S&P US_SPX-2020.csv
2020-04-23,"2,810.42","2,844.90","2,794.26","2,797.80",Download Data - INDEX_US_S&P US_SPX-2020.csv
2020-04-24,"2,812.64","2,842.71","2,791.76","2,836.74",Download Data - INDEX_US_S&P US_SPX-2020.csv
2020-04-27,"2,854.65","2,887.72","2,852.89","2,878.48",Download Data - INDEX_US_S&P US_SPX-2020.csv
2020-04-28,"2,909.96","2,921.15","2,860.71","2,863.39",Download Data - INDEX_US_S&P US_SPX-2020.csv
2020-04-29,"2,918.46","2,954.86","2,912.16","2,939.51",Download Data - INDEX_US_S&P US_SPX-2020.csv
2020-04-30,"2,930.91","2,930.91","2,892.47","2,912.43",Download Data - INDEX_US_S&P US_SPX-2020.csv
2020-05-01,"2,869.09","2,869.09","2,821.61","2,830.71",Download Data - INDEX_US_S&P US_SPX-2020.csv
2020-05-04,"2,815.01","2,844.24","2,797.85","2,842.74",Download Data - INDEX_US_S&P US_SPX-2020.csv
2020-05-05,"2,868.88","2,898.23","2,863.55","2,868.44",Download Data - INDEX_US_S&P US_SPX-2020.csv
2020-05-06,"2,883.14","2,891.11","2,847.65","2,848.42",Download Data - INDEX_US_S&P US_SPX-2020.csv
2020-05-07,"2,878.26","2,901.92","2,876.48","2,881.19",Download Data - INDEX_US_S&P US_SPX-2020.csv
2020-05-08,"2,908.83","2,932.16","2,902.88","2,929.80",Download Data - INDEX_US_S&P US_SPX-2020.csv
2020-05-11,"2,915.46","2,944.25","2,903.44","2,930.32",Download Data - INDEX_US_S&P US_SPX-2020.csv
2020-05-12,"2,939.50","2,945.82","2,869.59","2,870.12",Download Data - INDEX_US_S&P US_SPX-2020.csv
2020-05-13,"2,865.86","2,874.14","2,793.15","2,820.00",Download Data - INDEX_US_S&P US_SPX-2020.csv
2020-05-14,"2,794.54","2,852.80","2,766.64","2,852.50",Download Data - INDEX_US_S&P US_SPX-2020.csv
2020-05-15,"2,829.95","2,865.01","2,816.78","2,863.70",Download Data - INDEX_US_S&P US_SPX-2020.csv
2020-05-18,"2,913.86","2,968.09","2,913.86","2,953.91",Download Data - INDEX_US_S&P US_SPX-2020.csv
2020-05-19,"2,948.59","2,964.21","2,922.35","2,922.94",Download Data - INDEX_US_S&P US_SPX-2020.csv
2020-05-20,"2,953.63","2,980.29","2,953.63","2,971.61",Download Data - INDEX_US_S&P US_SPX-2020.csv
2020-05-21,"2,969.95","2,978.50","2,938.57","2,948.51",Download Data - INDEX_US_S&P US_SPX-2020.csv
2020-05-22,"2,948.05","2,956.76","2,933.59","2,955.45",Download Data - INDEX_US_S&P US_SPX-2020.csv
2020-05-26,"3,004.08","3,021.72","2,988.17","2,991.77",Download Data - INDEX_US_S&P US_SPX-2020.csv
2020-05-27,"3,015.65","3,036.25","2,969.75","3,036.13",Download Data - INDEX_US_S&P US_SPX-2020.csv
2020-05-28,"3,046.61","3,068.67","3,023.40","3,029.73",Download Data - INDEX_US_S&P US_SPX-2020.csv
2020-05-29,"3,025.17","3,049.17","2,998.61","3,044.31",Download Data - INDEX_US_S&P US_SPX-2020.csv
2020-06-01,"3,038.78","3,062.18","3,031.54","3,055.73",Download Data - INDEX_US_S&P US_SPX-2020.csv
2020-06-02,"3,064.78","3,081.07","3,051.64","3,080.82",Download Data - INDEX_US_S&P US_SPX-2020.csv
2020-06-03,"3,098.90","3,130.94","3,098.90","3,122.87",Download Data - INDEX_US_S&P US_SPX-2020.csv
2020-06-04,"3,111.56","3,128.91","3,090.41","3,112.35",Download Data - INDEX_US_S&P US_SPX-2020.csv
2020-06-05,"3,163.84","3,211.72","3,163.84","3,193.93",Download Data - INDEX_US_S&P US_SPX-2020.csv
2020-06-08,"3,199.92","3,233.13","3,196.00","3,232.39",Download Data - INDEX_US_S&P US_SPX-2020.csv
2020-06-09,"3,213.32","3,222.71","3,193.11","3,207.18",Download Data - INDEX_US_S&P US_SPX-2020.csv
2020-06-10,"3,213.42","3,223.27","3,181.49","3,190.14",Download Data - INDEX_US_S&P US_SPX-2020.csv
2020-06-11,"3,123.53","3,123.53","2,999.49","3,002.10",Download Data - INDEX_US_S&P US_SPX-2020.csv
2020-06-12,"3,071.04","3,088.42","2,984.47","3,041.31",Download Data - INDEX_US_S&P US_SPX-2020.csv
2020-06-15,"2,993.76","3,079.76","2,965.66","3,066.59",Download Data - INDEX_US_S&P US_SPX-2020.csv
2020-06-16,"3,131.00","3,153.45","3,076.06","3,124.74",Download Data - INDEX_US_S&P US_SPX-2020.csv
2020-06-17,"3,136.13","3,141.16","3,108.03","3,113.49",Download Data - INDEX_US_S&P US_SPX-2020.csv
2020-06-18,"3,101.64","3,120.00","3,093.51","3,115.34",Download Data - INDEX_US_S&P US_SPX-2020.csv
2020-06-19,"3,140.29","3,155.53","3,083.11","3,097.74",Download Data - INDEX_US_S&P US_SPX-2020.csv
2020-06-22,"3,094.42","3,120.92","3,079.39","3,117.86",Download Data - INDEX_US_S&P US_SPX-2020.csv
2020-06-23,"3,138.70","3,154.90","3,127.12","3,131.29",Download Data - INDEX_US_S&P US_SPX-2020.csv
2020-06-24,"3,114.40","3,115.01","3,032.13","3,050.33",Download Data - INDEX_US_S&P US_SPX-2020.csv
2020-06-25,"3,046.60","3,086.25","3,024.01","3,083.76",Download Data - INDEX_US_S&P US_SPX-2020.csv
2020-06-26,"3,073.20","3,073.73","3,004.63","3,009.05",Download Data - INDEX_US_S&P US_SPX-2020.csv
2020-06-29,"3,018.59","3,053.89","2,999.74","3,053.24",Download Data - INDEX_US_S&P US_SPX-2020.csv
2020-06-30,"3,050.20","3,111.51","3,047.83","3,100.29",Download Data - INDEX_US_S&P US_SPX-2020.csv
2020-07-01,"3,105.92","3,128.44","3,101.17","3,115.86",Download Data - INDEX_US_S&P US_SPX-2020.csv
2020-07-02,"3,143.64","3,165.81","3,124.52","3,130.01",Download Data - INDEX_US_S&P US_SPX-2020.csv
2020-07-06,"3,155.29","3,182.59","3,155.29","3,179.72",Download Data - INDEX_US_S&P US_SPX-2020.csv
2020-07-07,"3,166.44","3,184.15","3,142.93","3,145.32",Download Data - INDEX_US_S&P US_SPX-2020.csv
2020-07-08,"3,153.07","3,171.80","3,136.53","3,169.94",Download Data - INDEX_US_S&P US_SPX-2020.csv
2020-07-09,"3,176.17","3,179.78","3,115.70","3,152.05",Download Data - INDEX_US_S&P US_SPX-2020.csv
2020-07-10,"3,152.47","3,186.82","3,136.22","3,185.04",Download Data - INDEX_US_S&P US_SPX-2020.csv
2020-07-13,"3,205.08","3,235.32","3,149.43","3,155.22",Download Data - INDEX_US_S&P US_SPX-2020.csv
2020-07-14,"3,141.11","3,200.95","3,127.66","3,197.52",Download Data - INDEX_US_S&P US_SPX-2020.csv
2020-07-15,"3,225.98","3,238.28","3,200.76","3,226.56",Download Data - INDEX_US_S&P US_SPX-2020.csv
2020-07-16,"3,208.36","3,220.39","3,198.59","3,215.57",Download Data - INDEX_US_S&P US_SPX-2020.csv
2020-07-17,"3,224.21","3,233.52","3,205.65","3,224.73",Download Data - INDEX_US_S&P US_SPX-2020.csv
2020-07-20,"3,224.29","3,258.61","3,215.16","3,251.84",Download Data - INDEX_US_S&P US_SPX-2020.csv
2020-07-21,"3,268.52","3,277.29","3,247.77","3,257.30",Download Data - INDEX_US_S&P US_SPX-2020.csv
2020-07-22,"3,254.86","3,279.32","3,253.10","3,276.02",Download Data - INDEX_US_S&P US_SPX-2020.csv
2020-07-23,"3,271.64","3,279.99","3,222.66","3,235.66",Download Data - INDEX_US_S&P US_SPX-2020.csv
2020-07-24,"3,218.58","3,227.26","3,200.05","3,215.63",Download Data - INDEX_US_S&P US_SPX-2020.csv
2020-07-27,"3,219.84","3,241.43","3,214.25","3,239.41",Download Data - INDEX_US_S&P US_SPX-2020.csv
2020-07-28,"3,234.27","3,243.72","3,216.17","3,218.44",Download Data - INDEX_US_S&P US_SPX-2020.csv
2020-07-29,"3,227.22","3,264.74","3,227.22","3,258.44",Download Data - INDEX_US_S&P US_SPX-2020.csv
2020-07-30,"3,231.76","3,250.92","3,204.13","3,246.22",Download Data - INDEX_US_S&P US_SPX-2020.csv
2020-07-31,"3,270.45","3,272.17","3,220.26","3,271.12",Download Data - INDEX_US_S&P US_SPX-2020.csv
2020-08-03,"3,288.26","3,302.73","3,284.53","3,294.61",Download Data - INDEX_US_S&P US_SPX-2020.csv
2020-08-04,"3,289.92","3,306.84","3,286.37","3,306.51",Download Data - INDEX_US_S&P US_SPX-2020.csv
2020-08-05,"3,317.37","3,330.77","3,317.37","3,327.77",Download Data - INDEX_US_S&P US_SPX-2020.csv
2020-08-06,"3,323.17","3,351.03","3,318.14","3,349.16",Download Data - INDEX_US_S&P US_SPX-2020.csv
2020-08-07,"3,340.05","3,352.54","3,328.72","3,351.28",Download Data - INDEX_US_S&P US_SPX-2020.csv
2020-08-10,"3,356.04","3,363.29","3,335.44","3,360.47",Download Data - INDEX_US_S&P US_SPX-2020.csv
2020-08-11,"3,370.34","3,381.01","3,326.44","3,333.69",Download Data - INDEX_US_S&P US_SPX-2020.csv
2020-08-12,"3,355.46","3,387.89","3,355.46","3,380.35",Download Data - INDEX_US_S&P US_SPX-2020.csv
2020-08-13,"3,372.95","3,387.24","3,363.35","3,373.43",Download Data - INDEX_US_S&P US_SPX-2020.csv
2020-08-14,"3,368.66","3,378.51","3,361.64","3,372.85",Download Data - INDEX_US_S&P US_SPX-2020.csv
2020-08-17,"3,380.86","3,387.59","3,379.22","3,381.99",Download Data - INDEX_US_S&P US_SPX-2020.csv
2020-08-18,"3,387.04","3,395.06","3,370.15","3,389.78",Download Data - INDEX_US_S&P US_SPX-2020.csv
2020-08-19,"3,392.51","3,399.54","3,369.66","3,374.85",Download Data - INDEX_US_S&P US_SPX-2020.csv
2020-08-20,"3,360.48","3,390.80","3,354.69","3,385.51",Download Data - INDEX_US_S&P US_SPX-2020.csv
2020-08-21,"3,386.01","3,399.96","3,379.31","3,397.16",Download Data - INDEX_US_S&P US_SPX-2020.csv
2020-08-24,"3,418.09","3,432.09","3,413.13","3,431.28",Download Data - INDEX_US_S&P US_SPX-2020.csv
2020-08-25,"3,435.95","3,444.21","3,425.84","3,443.62",Download Data - INDEX_US_S&P US_SPX-2020.csv
2020-08-26,"3,449.97","3,481.07","3,444.15","3,478.73",Download Data - INDEX_US_S&P US_SPX-2020.csv
2020-08-27,"3,485.14","3,501.38","3,468.35","3,484.55",Download Data - INDEX_US_S&P US_SPX-2020.csv
2020-08-28,"3,494.69","3,509.23","3,484.32","3,508.01",Download Data - INDEX_US_S&P US_SPX-2020.csv
2020-08-31,"3,509.73","3,514.77","3,493.25","3,500.31",Download Data - INDEX_US_S&P US_SPX-2020.csv
2020-09-01,"3,507.44","3,528.03","3,494.60","3,526.65",Download Data - INDEX_US_S&P US_SPX-2020.csv
2020-09-02,"3,543.76","3,588.11","3,535.23","3,580.84",Download Data - INDEX_US_S&P US_SPX-2020.csv
2020-09-03,"3,564.74","3,564.85","3,427.41","3,455.06",Download Data - INDEX_US_S&P US_SPX-2020.csv
2020-09-04,"3,453.60","3,479.15","3,349.63","3,426.96",Download Data - INDEX_US_S&P US_SPX-2020.csv
2020-09-08,"3,371.88","3,379.97","3,329.27","3,331.84",Download Data - INDEX_US_S&P US_SPX-2020.csv
2020-09-09,"3,369.82","3,424.77","3,366.84","3,398.96",Download Data - INDEX_US_S&P US_SPX-2020.csv
2020-09-10,"3,412.56","3,425.55","3,329.25","3,339.19",Download Data - INDEX_US_S&P US_SPX-2020.csv
2020-09-11,"3,352.70","3,368.95","3,310.47","3,340.97",Download Data - INDEX_US_S&P US_SPX-2020.csv
2020-09-14,"3,363.56","3,402.93","3,363.56","3,383.54",Download Data - INDEX_US_S&P US_SPX-2020.csv
2020-09-15,"3,407.73","3,419.48","3,389.25","3,401.20",Download Data - INDEX_US_S&P US_SPX-2020.csv
2020-09-16,"3,411.23","3,428.92","3,384.45","3,385.49",Download Data - INDEX_US_S&P US_SPX-2020.csv
2020-09-17,"3,346.86","3,375.17","3,328.82","3,357.01",Download Data - INDEX_US_S&P US_SPX-2020.csv
2020-09-18,"3,357.38","3,362.27","3,292.40","3,319.47",Download Data - INDEX_US_S&P US_SPX-2020.csv
2020-09-21,"3,285.57","3,285.57","3,229.10","3,281.06",Download Data - INDEX_US_S&P US_SPX-2020.csv
2020-09-22,"3,295.75","3,320.31","3,270.95","3,315.57",Download Data - INDEX_US_S&P US_SPX-2020.csv
2020-09-23,"3,320.11","3,323.35","3,232.57","3,236.92",Download Data - INDEX_US_S&P US_SPX-2020.csv
2020-09-24,"3,226.14","3,278.70","3,209.45","3,246.59",Download Data - INDEX_US_S&P US_SPX-2020.csv
2020-09-25,"3,236.66","3,306.88","3,228.44","3,298.46",Download Data - INDEX_US_S&P US_SPX-2020.csv
2020-09-28,"3,333.90","3,360.74","3,332.91","3,351.60",Download Data - INDEX_US_S&P US_SPX-2020.csv
2020-09-29,"3,350.92","3,357.92","3,327.54","3,335.47",Download Data - INDEX_US_S&P US_SPX-2020.csv
2020-09-30,"3,341.21","3,393.56","3,340.47","3,363.00",Download Data - INDEX_US_S&P US_SPX-2020.csv
2020-10-01,"3,385.87","3,397.18","3,361.39","3,380.80",Download Data - INDEX_US_S&P US_SPX-2020.csv
2020-10-02,"3,338.94","3,369.10","3,323.69","3,348.44",Download Data - INDEX_US_S&P US_SPX-2020.csv
2020-10-05,"3,367.27","3,409.57","3,367.27","3,408.63",Download Data - INDEX_US_S&P US_SPX-2020.csv
2020-10-06,"3,408.74","3,431.56","3,354.54","3,360.95",Download Data - INDEX_US_S&P US_SPX-2020.csv
2020-10-07,"3,384.56","3,426.26","3,384.56","3,419.45",Download Data - INDEX_US_S&P US_SPX-2020.csv
2020-10-08,"3,434.28","3,447.28","3,428.15","3,446.83",Download Data - INDEX_US_S&P US_SPX-2020.csv
2020-10-09,"3,459.67","3,482.34","3,458.07","3,477.13",Download Data - INDEX_US_S&P US_SPX-2020.csv
2020-10-12,"3,500.02","3,549.85","3,499.61","3,534.22",Download Data - INDEX_US_S&P US_SPX-2020.csv
2020-10-13,"3,534.01","3,534.01","3,500.86","3,511.93",Download Data - INDEX_US_S&P US_SPX-2020.csv
2020-10-14,"3,515.47","3,527.94","3,480.55","3,488.67",Download Data - INDEX_US_S&P US_SPX-2020.csv
2020-10-15,"3,453.72","3,489.08","3,440.89","3,483.34",Download Data - INDEX_US_S&P US_SPX-2020.csv
2020-10-16,"3,493.50","3,515.76","3,480.45","3,483.81",Download Data - INDEX_US_S&P US_SPX-2020.csv
2020-10-19,"3,493.66","3,502.42","3,419.93","3,426.92",Download Data - INDEX_US_S&P US_SPX-2020.csv
2020-10-20,"3,439.38","3,476.93","3,435.65","3,443.12",Download Data - INDEX_US_S&P US_SPX-2020.csv
2020-10-21,"3,439.91","3,464.86","3,433.06","3,435.56",Download Data - INDEX_US_S&P US_SPX-2020.csv
2020-10-22,"3,438.50","3,460.53","3,415.34","3,453.49",Download Data - INDEX_US_S&P US_SPX-2020.csv
2020-10-23,"3,464.90","3,466.46","3,440.45","3,465.39",Download Data - INDEX_US_S&P US_SPX-2020.csv
2020-10-26,"3,441.42","3,441.42","3,364.86","3,400.97",Download Data - INDEX_US_S&P US_SPX-2020.csv
2020-10-27,"3,403.15","3,409.51","3,388.71","3,390.68",Download Data - INDEX_US_S&P US_SPX-2020.csv
2020-10-28,"3,342.48","3,342.48","3,268.89","3,271.03",Download Data - INDEX_US_S&P US_SPX-2020.csv
2020-10-29,"3,277.17","3,341.05","3,259.82","3,310.11",Download Data - INDEX_US_S&P US_SPX-2020.csv
2020-10-30,"3,293.59","3,304.93","3,233.94","3,269.96",Download Data - INDEX_US_S&P US_SPX-2020.csv
2020-11-02,"3,296.20","3,330.14","3,279.74","3,310.24",Download Data - INDEX_US_S&P US_SPX-2020.csv
2020-11-03,"3,336.25","3,389.49","3,336.25","3,369.16",Download Data - INDEX_US_S&P US_SPX-2020.csv
2020-11-04,"3,406.46","3,486.25","3,405.17","3,443.44",Download Data - INDEX_US_S&P US_SPX-2020.csv
2020-11-05,"3,485.74","3,529.05","3,485.74","3,510.45",Download Data - INDEX_US_S&P US_SPX-2020.csv
2020-11-06,"3,508.34","3,521.58","3,484.34","3,509.44",Download Data - INDEX_US_S&P US_SPX-2020.csv
2020-11-09,"3,583.04","3,645.99","3,547.48","3,550.50",Download Data - INDEX_US_S&P US_SPX-2020.csv
2020-11-10,"3,543.26","3,557.22","3,511.91","3,545.53",Download Data - INDEX_US_S&P US_SPX-2020.csv
2020-11-11,"3,563.22","3,581.16","3,557.00","3,572.66",Download Data - INDEX_US_S&P US_SPX-2020.csv
2020-11-12,"3,562.67","3,569.02","3,518.58","3,537.01",Download Data - INDEX_US_S&P US_SPX-2020.csv
2020-11-13,"3,552.57","3,593.66","3,552.57","3,585.15",Download Data - INDEX_US_S&P US_SPX-2020.csv
2020-11-16,"3,600.16","3,628.51","3,600.16","3,626.91",Download Data - INDEX_US_S&P US_SPX-2020.csv
2020-11-17,"3,610.31","3,623.11","3,588.68","3,609.53",Download Data - INDEX_US_S&P US_SPX-2020.csv
2020-11-18,"3,612.09","3,619.09","3,567.33","3,567.79",Download Data - INDEX_US_S&P US_SPX-2020.csv
2020-11-19,"3,559.41","3,585.22","3,543.84","3,581.87",Download Data - INDEX_US_S&P US_SPX-2020.csv
2020-11-20,"3,579.31","3,581.23","3,556.85","3,557.54",Download Data - INDEX_US_S&P US_SPX-2020.csv
2020-11-23,"3,566.82","3,589.81","3,552.77","3,577.59",Download Data - INDEX_US_S&P US_SPX-2020.csv
2020-11-24,"3,594.52","3,642.31","3,594.52","3,635.41",Download Data - INDEX_US_S&P US_SPX-2020.csv
2020-11-25,"3,635.50","3,635.50","3,617.76","3,629.65",Download Data - INDEX_US_S&P US_SPX-2020.csv
2020-11-27,"3,638.55","3,644.31","3,629.33","3,638.35",Download Data - INDEX_US_S&P US_SPX-2020.csv
2020-11-30,"3,634.18","3,634.18","3,594.39","3,621.63",Download Data - INDEX_US_S&P US_SPX-2020.csv
2020-12-01,"3,645.87","3,678.45","3,645.87","3,662.45",Download Data - INDEX_US_S&P US_SPX-2020.csv
2020-12-02,"3,653.78","3,670.96","3,644.84","3,669.01",Download Data - INDEX_US_S&P US_SPX-2020.csv
2020-12-03,"3,668.28","3,682.73","3,657.17","3,666.72",Download Data - INDEX_US_S&P US_SPX-2020.csv
2020-12-04,"3,670.94","3,699.20","3,670.94","3,699.12",Download Data - INDEX_US_S&P US_SPX-2020.csv
2020-12-07,"3,694.73","3,697.41","3,678.88","3,691.96",Download Data - INDEX_US_S&P US_SPX-2020.csv
2020-12-08,"3,683.05","3,708.45","3,678.83","3,702.25",Download Data - INDEX_US_S&P US_SPX-2020.csv
2020-12-09,"3,705.98","3,712.39","3,660.54","3,672.82",Download Data - INDEX_US_S&P US_SPX-2020.csv
2020-12-10,"3,659.13","3,678.49","3,645.18","3,668.10",Download Data - INDEX_US_S&P US_SPX-2020.csv
2020-12-11,"3,656.08","3,665.91","3,633.40","3,663.46",Download Data - INDEX_US_S&P US_SPX-2020.csv
2020-12-14,"3,675.27","3,697.61","3,645.84","3,647.49",Download Data - INDEX_US_S&P US_SPX-2020.csv
2020-12-15,"3,666.41","3,695.29","3,659.62","3,694.62",Download Data - INDEX_US_S&P US_SPX-2020.csv
2020-12-16,"3,696.25","3,711.27","3,688.57","3,701.17",Download Data - INDEX_US_S&P US_SPX-2020.csv
2020-12-17,"3,713.65","3,725.12","3,710.87","3,722.48",Download Data - INDEX_US_S&P US_SPX-2020.csv
2020-12-18,"3,722.39","3,726.70","3,685.84","3,709.41",Download Data - INDEX_US_S&P US_SPX-2020.csv
2020-12-21,"3,684.28","3,702.90","3,636.48","3,694.92",Download Data - INDEX_US_S&P US_SPX-2020.csv
2020-12-22,"3,698.08","3,698.26","3,676.16","3,687.26",Download Data - INDEX_US_S&P US_SPX-2020.csv
2020-12-23,"3,693.42","3,711.24","3,689.28","3,690.01",Download Data - INDEX_US_S&P US_SPX-2020.csv
2020-12-24,"3,694.03","3,703.82","3,689.32","3,703.06",Download Data - INDEX_US_S&P US_SPX-2020.csv
2020-12-28,"3,723.03","3,740.51","3,723.03","3,735.36",Download Data - INDEX_US_S&P US_SPX-2020.csv
2020-12-29,"3,750.01","3,756.12","3,723.31","3,727.04",Download Data - INDEX_US_S&P US_SPX-2020.csv
2020-12-30,"3,736.19","3,744.63","3,730.21","3,732.04",Download Data - INDEX_US_S&P US_SPX-2020.csv
2020-12-31,"3,733.27","3,760.20","3,726.88","3,756.07",Download Data - INDEX_US_S&P US_SPX-2020.csv
2021-01-04,"3,764.61","3,769.99","3,662.71","3,700.65",Download Data - INDEX_US_S&P US_SPX-2021.csv
2021-01-05,"3,698.02","3,737.83","3,695.07","3,726.86",Download Data - INDEX_US_S&P US_SPX-2021.csv
2021-01-06,"3,712.20","3,783.04","3,705.34","3,748.14",Download Data - INDEX_US_S&P US_SPX-2021.csv
2021-01-07,"3,764.71","3,811.55","3,764.71","3,803.79",Download Data - INDEX_US_S&P US_SPX-2021.csv
2021-01-08,"3,815.05","3,826.69","3,783.60","3,824.68",Download Data - INDEX_US_S&P US_SPX-2021.csv
2021-01-11,"3,803.14","3,817.86","3,789.02","3,799.61",Download Data - INDEX_US_S&P US_SPX-2021.csv
2021-01-12,"3,801.62","3,810.78","3,776.51","3,801.19",Download Data - INDEX_US_S&P US_SPX-2021.csv
2021-01-13,"3,802.23","3,820.96","3,791.50","3,809.84",Download Data - INDEX_US_S&P US_SPX-2021.csv
2021-01-14,"3,814.98","3,823.60","3,792.86","3,795.54",Download Data - INDEX_US_S&P US_SPX-2021.csv
2021-01-15,"3,788.73","3,788.73","3,749.62","3,768.25",Download Data - INDEX_US_S&P US_SPX-2021.csv
2021-01-19,"3,781.88","3,804.53","3,780.37","3,798.91",Download Data - INDEX_US_S&P US_SPX-2021.csv
2021-01-20,"3,816.22","3,859.75","3,816.22","3,851.85",Download Data - INDEX_US_S&P US_SPX-2021.csv
2021-01-21,"3,857.46","3,861.45","3,845.05","3,853.07",Download Data - INDEX_US_S&P US_SPX-2021.csv
2021-01-22,"3,844.24","3,852.31","3,830.41","3,841.47",Download Data - INDEX_US_S&P US_SPX-2021.csv
2021-01-25,"3,851.68","3,859.23","3,797.16","3,855.36",Download Data - INDEX_US_S&P US_SPX-2021.csv
2021-01-26,"3,862.96","3,870.90","3,847.78","3,849.62",Download Data - INDEX_US_S&P US_SPX-2021.csv
2021-01-27,"3,836.83","3,836.83","3,732.48","3,750.77",Download Data - INDEX_US_S&P US_SPX-2021.csv
2021-01-28,"3,755.75","3,830.50","3,755.75","3,787.38",Download Data - INDEX_US_S&P US_SPX-2021.csv
2021-01-29,"3,778.05","3,778.05","3,694.12","3,714.24",Download Data - INDEX_US_S&P US_SPX-2021.csv
2021-02-01,"3,731.17","3,784.32","3,725.62","3,773.86",Download Data - INDEX_US_S&P US_SPX-2021.csv
2021-02-02,"3,791.84","3,843.09","3,791.84","3,826.31",Download Data - INDEX_US_S&P US_SPX-2021.csv
2021-02-03,"3,840.27","3,847.51","3,816.68","3,830.17",Download Data - INDEX_US_S&P US_SPX-2021.csv
2021-02-04,"3,836.66","3,872.42","3,836.66","3,871.74",Download Data - INDEX_US_S&P US_SPX-2021.csv
2021-02-05,"3,878.30","3,894.56","3,874.93","3,886.83",Download Data - INDEX_US_S&P US_SPX-2021.csv
2021-02-08,"3,892.59","3,915.77","3,892.59","3,915.59",Download Data - INDEX_US_S&P US_SPX-2021.csv
2021-02-09,"3,910.49","3,918.35","3,902.64","3,911.23",Download Data - INDEX_US_S&P US_SPX-2021.csv
2021-02-10,"3,920.78","3,931.50","3,884.94","3,909.88",Download Data - INDEX_US_S&P US_SPX-2021.csv
2021-02-11,"3,916.40","3,925.99","3,890.39","3,916.38",Download Data - INDEX_US_S&P US_SPX-2021.csv
2021-02-12,"3,911.65","3,937.23","3,905.78","3,934.83",Download Data - INDEX_US_S&P US_SPX-2021.csv
2021-02-16,"3,939.61","3,950.43","3,923.85","3,932.59",Download Data - INDEX_US_S&P US_SPX-2021.csv
2021-02-17,"3,918.50","3,933.61","3,900.43","3,931.33",Download Data - INDEX_US_S&P US_SPX-2021.csv
2021-02-18,"3,915.86","3,921.98","3,885.03","3,913.97",Download Data - INDEX_US_S&P US_SPX-2021.csv
2021-02-19,"3,921.16","3,930.41","3,903.07","3,906.71",Download Data - INDEX_US_S&P US_SPX-2021.csv
2021-02-22,"3,885.55","3,902.92","3,874.71","3,876.50",Download Data - INDEX_US_S&P US_SPX-2021.csv
2021-02-23,"3,857.07","3,895.98","3,805.59","3,881.37",Download Data - INDEX_US_S&P US_SPX-2021.csv
2021-02-24,"3,873.71","3,928.65","3,859.60","3,925.43",Download Data - INDEX_US_S&P US_SPX-2021.csv
2021-02-25,"3,915.80","3,925.02","3,814.04","3,829.34",Download Data - INDEX_US_S&P US_SPX-2021.csv
2021-02-26,"3,839.66","3,861.08","3,789.54","3,811.15",Download Data - INDEX_US_S&P US_SPX-2021.csv
2021-03-01,"3,842.51","3,914.50","3,842.51","3,901.82",Download Data - INDEX_US_S&P US_SPX-2021.csv
2021-03-02,"3,903.64","3,906.41","3,868.57","3,870.29",Download Data - INDEX_US_S&P US_SPX-2021.csv
2021-03-03,"3,863.99","3,874.47","3,818.86","3,819.72",Download Data - INDEX_US_S&P US_SPX-2021.csv
2021-03-04,"3,818.53","3,843.67","3,723.34","3,768.47",Download Data - INDEX_US_S&P US_SPX-2021.csv
2021-03-05,"3,793.58","3,851.69","3,730.19","3,841.94",Download Data - INDEX_US_S&P US_SPX-2021.csv
2021-03-08,"3,844.39","3,881.06","3,819.25","3,821.35",Download Data - INDEX_US_S&P US_SPX-2021.csv
2021-03-09,"3,851.93","3,903.76","3,851.93","3,875.44",Download Data - INDEX_US_S&P US_SPX-2021.csv
2021-03-10,"3,891.99","3,917.35","3,885.73","3,898.81",Download Data - INDEX_US_S&P US_SPX-2021.csv
2021-03-11,"3,915.54","3,960.27","3,915.54","3,939.34",Download Data - INDEX_US_S&P US_SPX-2021.csv
2021-03-12,"3,924.52","3,944.99","3,915.21","3,943.34",Download Data - INDEX_US_S&P US_SPX-2021.csv
2021-03-15,"3,942.96","3,970.08","3,923.54","3,968.94",Download Data - INDEX_US_S&P US_SPX-2021.csv
2021-03-16,"3,973.59","3,981.04","3,953.44","3,962.71",Download Data - INDEX_US_S&P US_SPX-2021.csv
2021-03-17,"3,949.57","3,983.87","3,935.74","3,974.12",Download Data - INDEX_US_S&P US_SPX-2021.csv
2021-03-18,"3,953.50","3,969.62","3,910.86","3,915.46",Download Data - INDEX_US_S&P US_SPX-2021.csv
2021-03-19,"3,913.14","3,930.12","3,886.75","3,913.10",Download Data - INDEX_US_S&P US_SPX-2021.csv
2021-03-22,"3,916.48","3,955.31","3,914.16","3,940.59",Download Data - INDEX_US_S&P US_SPX-2021.csv
2021-03-23,"3,937.60","3,949.13","3,901.57","3,910.52",Download Data - INDEX_US_S&P US_SPX-2021.csv
2021-03-24,"3,919.93","3,942.08","3,889.07","3,889.14",Download Data - INDEX_US_S&P US_SPX-2021.csv
2021-03-25,"3,879.34","3,919.54","3,853.50","3,909.52",Download Data - INDEX_US_S&P US_SPX-2021.csv
2021-03-26,"3,917.12","3,978.19","3,917.12","3,974.54",Download Data - INDEX_US_S&P US_SPX-2021.csv
2021-03-29,"3,969.31","3,981.83","3,943.25","3,971.09",Download Data - INDEX_US_S&P US_SPX-2021.csv
2021-03-30,"3,963.34","3,968.01","3,944.35","3,958.55",Download Data - INDEX_US_S&P US_SPX-2021.csv
2021-03-31,"3,967.25","3,994.41","3,966.98","3,972.89",Download Data - INDEX_US_S&P US_SPX-2021.csv
2021-04-01,"3,992.78","4,020.63","3,992.78","4,019.87",Download Data - INDEX_US_S&P US_SPX-2021.csv
2021-04-05,"4,034.44","4,083.42","4,034.44","4,077.91",Download Data - INDEX_US_S&P US_SPX-2021.csv
2021-04-06,"4,075.57","4,086.23","4,068.14","4,073.94",Download Data - INDEX_US_S&P US_SPX-2021.csv
2021-04-07,"4,074.29","4,083.13","4,068.31","4,079.95",Download Data - INDEX_US_S&P US_SPX-2021.csv
2021-04-08,"4,089.95","4,098.19","4,082.54","4,097.17",Download Data - INDEX_US_S&P US_SPX-2021.csv
2021-04-09,"4,096.11","4,129.48","4,095.51","4,128.80",Download Data - INDEX_US_S&P US_SPX-2021.csv
2021-04-12,"4,124.71","4,131.76","4,114.82","4,127.99",Download Data - INDEX_US_S&P US_SPX-2021.csv
2021-04-13,"4,130.10","4,148.00","4,124.43","4,141.59",Download Data - INDEX_US_S&P US_SPX-2021.csv
2021-04-14,"4,141.58","4,151.69","4,120.87","4,124.66",Download Data - INDEX_US_S&P US_SPX-2021.csv
2021-04-15,"4,139.76","4,173.49","4,139.76","4,170.42",Download Data - INDEX_US_S&P US_SPX-2021.csv
2021-04-16,"4,174.14","4,191.31","4,170.75","4,185.47",Download Data - INDEX_US_S&P US_SPX-2021.csv
2021-04-19,"4,179.80","4,180.81","4,150.47","4,163.26",Download Data - INDEX_US_S&P US_SPX-2021.csv
2021-04-20,"4,159.18","4,159.18","4,118.38","4,134.94",Download Data - INDEX_US_S&P US_SPX-2021.csv
2021-04-21,"4,128.42","4,175.02","4,126.35","4,173.42",Download Data - INDEX_US_S&P US_SPX-2021.csv
2021-04-22,"4,170.46","4,179.57","4,123.69","4,134.98",Download Data - INDEX_US_S&P US_SPX-2021.csv
2021-04-23,"4,138.78","4,194.17","4,138.78","4,180.17",Download Data - INDEX_US_S&P US_SPX-2021.csv
2021-04-26,"4,185.03","4,194.19","4,182.36","4,187.62",Download Data - INDEX_US_S&P US_SPX-2021.csv
2021-04-27,"4,188.25","4,193.35","4,176.22","4,186.72",Download Data - INDEX_US_S&P US_SPX-2021.csv
2021-04-28,"4,185.14","4,201.53","4,181.78","4,183.18",Download Data - INDEX_US_S&P US_SPX-2021.csv
2021-04-29,"4,206.14","4,218.78","4,176.81","4,211.47",Download Data - INDEX_US_S&P US_SPX-2021.csv
2021-04-30,"4,198.10","4,198.10","4,174.85","4,181.17",Download Data - INDEX_US_S&P US_SPX-2021.csv
2021-05-03,"4,191.98","4,209.39","4,188.03","4,192.66",Download Data - INDEX_US_S&P US_SPX-2021.csv
2021-05-04,"4,179.04","4,179.04","4,128.59","4,164.66",Download Data - INDEX_US_S&P US_SPX-2021.csv
2021-05-05,"4,177.06","4,187.72","4,160.94","4,167.59",Download Data - INDEX_US_S&P US_SPX-2021.csv
2021-05-06,"4,169.14","4,202.70","4,147.33","4,201.62",Download Data - INDEX_US_S&P US_SPX-2021.csv
2021-05-07,"4,210.34","4,238.04","4,201.64","4,232.60",Download Data - INDEX_US_S&P US_SPX-2021.csv
2021-05-10,"4,228.29","4,236.39","4,188.13","4,188.43",Download Data - INDEX_US_S&P US_SPX-2021.csv
2021-05-11,"4,150.34","4,162.04","4,111.53","4,152.10",Download Data - INDEX_US_S&P US_SPX-2021.csv
2021-05-12,"4,130.55","4,134.73","4,056.88","4,063.04",Download Data - INDEX_US_S&P US_SPX-2021.csv
2021-05-13,"4,074.99","4,131.58","4,074.99","4,112.50",Download Data - INDEX_US_S&P US_SPX-2021.csv
2021-05-14,"4,129.58","4,183.13","4,129.58","4,173.85",Download Data - INDEX_US_S&P US_SPX-2021.csv
2021-05-17,"4,169.92","4,171.92","4,142.69","4,163.29",Download Data - INDEX_US_S&P US_SPX-2021.csv
2021-05-18,"4,165.94","4,169.15","4,125.99","4,127.83",Download Data - INDEX_US_S&P US_SPX-2021.csv
2021-05-19,"4,098.45","4,116.93","4,061.41","4,115.68",Download Data - INDEX_US_S&P US_SPX-2021.csv
2021-05-20,"4,121.97","4,172.80","4,121.97","4,159.12",Download Data - INDEX_US_S&P US_SPX-2021.csv
2021-05-21,"4,168.61","4,188.72","4,151.72","4,155.86",Download Data - INDEX_US_S&P US_SPX-2021.csv
2021-05-24,"4,170.16","4,209.52","4,170.16","4,197.05",Download Data - INDEX_US_S&P US_SPX-2021.csv
2021-05-25,"4,205.94","4,213.42","4,182.52","4,188.13",Download Data - INDEX_US_S&P US_SPX-2021.csv
2021-05-26,"4,191.59","4,202.61","4,184.11","4,195.99",Download Data - INDEX_US_S&P US_SPX-2021.csv
2021-05-27,"4,201.94","4,213.38","4,197.78","4,200.88",Download Data - INDEX_US_S&P US_SPX-2021.csv
2021-05-28,"4,210.77","4,218.36","4,203.57","4,204.11",Download Data - INDEX_US_S&P US_SPX-2021.csv
2021-06-01,"4,216.52","4,234.12","4,197.59","4,202.04",Download Data - INDEX_US_S&P US_SPX-2021.csv
2021-06-02,"4,206.82","4,217.37","4,198.27","4,208.12",Download Data - INDEX_US_S&P US_SPX-2021.csv
2021-06-03,"4,191.43","4,204.39","4,167.93","4,192.85",Download Data - INDEX_US_S&P US_SPX-2021.csv
2021-06-04,"4,206.05","4,233.45","4,206.05","4,229.89",Download Data - INDEX_US_S&P US_SPX-2021.csv
2021-06-07,"4,229.34","4,232.34","4,215.66","4,226.52",Download Data - INDEX_US_S&P US_SPX-2021.csv
2021-06-08,"4,233.81","4,236.74","4,208.41","4,227.26",Download Data - INDEX_US_S&P US_SPX-2021.csv
2021-06-09,"4,232.99","4,237.09","4,218.74","4,219.55",Download Data - INDEX_US_S&P US_SPX-2021.csv
2021-06-10,"4,228.56","4,249.74","4,220.34","4,239.18",Download Data - INDEX_US_S&P US_SPX-2021.csv
2021-06-11,"4,242.90","4,248.38","4,232.25","4,247.44",Download Data - INDEX_US_S&P US_SPX-2021.csv
2021-06-14,"4,248.31","4,255.59","4,234.07","4,255.15",Download Data - INDEX_US_S&P US_SPX-2021.csv
2021-06-15,"4,255.28","4,257.16","4,238.35","4,246.59",Download Data - INDEX_US_S&P US_SPX-2021.csv
2021-06-16,"4,248.87","4,251.89","4,202.45","4,223.70",Download Data - INDEX_US_S&P US_SPX-2021.csv
2021-06-17,"4,220.37","4,232.29","4,196.05","4,221.86",Download Data - INDEX_US_S&P US_SPX-2021.csv
2021-06-18,"4,204.78","4,204.78","4,164.40","4,166.45",Download Data - INDEX_US_S&P US_SPX-2021.csv
2021-06-21,"4,173.40","4,226.24","4,173.40","4,224.79",Download Data - INDEX_US_S&P US_SPX-2021.csv
2021-06-22,"4,224.61","4,255.84","4,217.27","4,246.44",Download Data - INDEX_US_S&P US_SPX-2021.csv
2021-06-23,"4,249.27","4,256.60","4,241.43","4,241.84",Download Data - INDEX_US_S&P US_SPX-2021.csv
2021-06-24,"4,256.97","4,271.28","4,256.97","4,266.49",Download Data - INDEX_US_S&P US_SPX-2021.csv
2021-06-25,"4,274.45","4,286.12","4,271.16","4,280.70",Download Data - INDEX_US_S&P US_SPX-2021.csv
2021-06-28,"4,284.90","4,292.14","4,274.67","4,290.61",Download Data - INDEX_US_S&P US_SPX-2021.csv
2021-06-29,"4,293.21","4,300.52","4,287.04","4,291.80",Download Data - INDEX_US_S&P US_SPX-2021.csv
2021-06-30,"4,290.65","4,302.43","4,287.96","4,297.50",Download Data - INDEX_US_S&P US_SPX-2021.csv
2021-07-01,"4,300.73","4,320.66","4,300.73","4,319.94",Download Data - INDEX_US_S&P US_SPX-2021.csv
2021-07-02,"4,326.60","4,355.43","4,326.60","4,352.34",Download Data - INDEX_US_S&P US_SPX-2021.csv
2021-07-06,"4,356.46","4,356.46","4,314.37","4,343.54",Download Data - INDEX_US_S&P US_SPX-2021.csv
2021-07-07,"4,351.01","4,361.88","4,329.79","4,358.13",Download Data - INDEX_US_S&P US_SPX-2021.csv
2021-07-08,"4,321.07","4,330.88","4,289.37","4,320.82",Download Data - INDEX_US_S&P US_SPX-2021.csv
2021-07-09,"4,329.38","4,371.60","4,329.38","4,369.55",Download Data - INDEX_US_S&P US_SPX-2021.csv
2021-07-12,"4,372.41","4,386.68","4,364.03","4,384.63",Download Data - INDEX_US_S&P US_SPX-2021.csv
2021-07-13,"4,381.07","4,392.37","4,366.92","4,369.21",Download Data - INDEX_US_S&P US_SPX-2021.csv
2021-07-14,"4,380.11","4,393.68","4,362.36","4,374.30",Download Data - INDEX_US_S&P US_SPX-2021.csv
2021-07-15,"4,369.02","4,369.02","4,340.70","4,360.03",Download Data - INDEX_US_S&P US_SPX-2021.csv
2021-07-16,"4,367.43","4,375.09","4,322.53","4,327.16",Download Data - INDEX_US_S&P US_SPX-2021.csv
2021-07-19,"4,296.40","4,296.40","4,233.13","4,258.49",Download Data - INDEX_US_S&P US_SPX-2021.csv
2021-07-20,"4,265.11","4,336.84","4,262.05","4,323.06",Download Data - INDEX_US_S&P US_SPX-2021.csv
2021-07-21,"4,331.13","4,359.70","4,331.13","4,358.69",Download Data - INDEX_US_S&P US_SPX-2021.csv
2021-07-22,"4,361.27","4,369.87","4,350.06","4,367.48",Download Data - INDEX_US_S&P US_SPX-2021.csv
2021-07-23,"4,381.20","4,415.18","4,381.20","4,411.79",Download Data - INDEX_US_S&P US_SPX-2021.csv
2021-07-26,"4,409.58","4,422.73","4,405.45","4,422.30",Download Data - INDEX_US_S&P US_SPX-2021.csv
2021-07-27,"4,416.38","4,416.38","4,372.51","4,401.46",Download Data - INDEX_US_S&P US_SPX-2021.csv
2021-07-28,"4,402.95","4,415.47","4,387.01","4,400.64",Download Data - INDEX_US_S&P US_SPX-2021.csv
2021-07-29,"4,403.59","4,429.97","4,403.59","4,419.15",Download Data - INDEX_US_S&P US_SPX-2021.csv
2021-07-30,"4,395.12","4,412.25","4,389.65","4,395.26",Download Data - INDEX_US_S&P US_SPX-2021.csv
2021-08-02,"4,406.86","4,422.18","4,384.81","4,387.16",Download Data - INDEX_US_S&P US_SPX-2021.csv
2021-08-03,"4,392.74","4,423.79","4,373.00","4,423.15",Download Data - INDEX_US_S&P US_SPX-2021.csv
2021-08-04,"4,415.95","4,416.17","4,400.23","4,402.66",Download Data - INDEX_US_S&P US_SPX-2021.csv
2021-08-05,"4,408.86","4,429.76","4,408.86","4,429.10",Download Data - INDEX_US_S&P US_SPX-2021.csv
2021-08-06,"4,429.07","4,440.82","4,429.07","4,436.52",Download Data - INDEX_US_S&P US_SPX-2021.csv
2021-08-09,"4,437.77","4,439.39","4,424.74","4,432.35",Download Data - INDEX_US_S&P US_SPX-2021.csv
2021-08-10,"4,435.79","4,445.21","4,430.03","4,436.75",Download Data - INDEX_US_S&P US_SPX-2021.csv
2021-08-11,"4,442.18","4,449.44","4,436.42","4,447.70",Download Data - INDEX_US_S&P US_SPX-2021.csv
2021-08-12,"4,446.08","4,461.77","4,435.96","4,460.83",Download Data - INDEX_US_S&P US_SPX-2021.csv
2021-08-13,"4,464.84","4,468.37","4,460.82","4,468.00",Download Data - INDEX_US_S&P US_SPX-2021.csv
2021-08-16,"4,461.65","4,480.26","4,437.66","4,479.71",Download Data - INDEX_US_S&P US_SPX-2021.csv
2021-08-17,"4,462.12","4,462.12","4,417.83","4,448.08",Download Data - INDEX_US_S&P US_SPX-2021.csv
2021-08-18,"4,440.94","4,454.32","4,397.59","4,400.27",Download Data - INDEX_US_S&P US_SPX-2021.csv
2021-08-19,"4,382.44","4,418.61","4,367.73","4,405.80",Download Data - INDEX_US_S&P US_SPX-2021.csv
2021-08-20,"4,410.56","4,444.35","4,406.80","4,441.67",Download Data - INDEX_US_S&P US_SPX-2021.csv
2021-08-23,"4,450.29","4,489.88","4,450.29","4,479.53",Download Data - INDEX_US_S&P US_SPX-2021.csv
2021-08-24,"4,484.40","4,492.81","4,482.28","4,486.23",Download Data - INDEX_US_S&P US_SPX-2021.csv
2021-08-25,"4,490.45","4,501.71","4,485.66","4,496.19",Download Data - INDEX_US_S&P US_SPX-2021.csv
2021-08-26,"4,493.75","4,495.90","4,468.99","4,470.00",Download Data - INDEX_US_S&P US_SPX-2021.csv
2021-08-27,"4,474.10","4,513.33","4,474.10","4,509.37",Download Data - INDEX_US_S&P US_SPX-2021.csv
2021-08-30,"4,513.76","4,537.36","4,513.76","4,528.79",Download Data - INDEX_US_S&P US_SPX-2021.csv
2021-08-31,"4,529.75","4,531.39","4,515.80","4,522.68",Download Data - INDEX_US_S&P US_SPX-2021.csv
2021-09-01,"4,528.80","4,537.11","4,522.02","4,524.09",Download Data - INDEX_US_S&P US_SPX-2021.csv
2021-09-02,"4,534.48","4,545.85","4,524.66","4,536.95",Download Data - INDEX_US_S&P US_SPX-2021.csv
2021-09-03,"4,532.42","4,541.45","4,521.30","4,535.43",Download Data - INDEX_US_S&P US_SPX-2021.csv
2021-09-07,"4,535.38","4,535.38","4,513.00","4,520.03",Download Data - INDEX_US_S&P US_SPX-2021.csv
2021-09-08,"4,518.09","4,521.79","4,493.95","4,514.07",Download Data - INDEX_US_S&P US_SPX-2021.csv
2021-09-09,"4,513.02","4,529.90","4,492.07","4,493.28",Download Data - INDEX_US_S&P US_SPX-2021.csv
2021-09-10,"4,506.92","4,520.47","4,457.66","4,458.58",Download Data - INDEX_US_S&P US_SPX-2021.csv
2021-09-13,"4,474.81","4,492.99","4,445.70","4,468.73",Download Data - INDEX_US_S&P US_SPX-2021.csv
2021-09-14,"4,479.33","4,485.68","4,435.46","4,443.05",Download Data - INDEX_US_S&P US_SPX-2021.csv
2021-09-15,"4,447.49","4,486.87","4,438.37","4,480.70",Download Data - INDEX_US_S&P US_SPX-2021.csv
2021-09-16,"4,477.09","4,485.87","4,443.80","4,473.75",Download Data - INDEX_US_S&P US_SPX-2021.csv
2021-09-17,"4,469.74","4,471.52","4,427.76","4,432.99",Download Data - INDEX_US_S&P US_SPX-2021.csv
2021-09-20,"4,402.95","4,402.95","4,305.91","4,357.73",Download Data - INDEX_US_S&P US_SPX-2021.csv
2021-09-21,"4,374.45","4,394.87","4,347.96","4,354.19",Download Data - INDEX_US_S&P US_SPX-2021.csv
2021-09-22,"4,367.43","4,416.75","4,367.43","4,395.64",Download Data - INDEX_US_S&P US_SPX-2021.csv
2021-09-23,"4,406.75","4,465.40","4,406.75","4,448.98",Download Data - INDEX_US_S&P US_SPX-2021.csv
2021-09-24,"4,438.04","4,463.12","4,430.27","4,455.48",Download Data - INDEX_US_S&P US_SPX-2021.csv
2021-09-27,"4,442.12","4,457.30","4,436.19","4,443.11",Download Data - INDEX_US_S&P US_SPX-2021.csv
2021-09-28,"4,419.54","4,419.54","4,346.33","4,352.63",Download Data - INDEX_US_S&P US_SPX-2021.csv
2021-09-29,"4,362.41","4,385.57","4,355.08","4,359.46",Download Data - INDEX_US_S&P US_SPX-2021.csv
2021-09-30,"4,370.67","4,382.55","4,306.24","4,307.54",Download Data - INDEX_US_S&P US_SPX-2021.csv
2021-10-01,"4,317.16","4,375.19","4,288.52","4,357.04",Download Data - INDEX_US_S&P US_SPX-2021.csv
2021-10-04,"4,348.84","4,355.51","4,278.94","4,300.46",Download Data - INDEX_US_S&P US_SPX-2021.csv
2021-10-05,"4,309.87","4,369.23","4,309.87","4,345.72",Download Data - INDEX_US_S&P US_SPX-2021.csv
2021-10-06,"4,319.57","4,365.57","4,290.49","4,363.55",Download Data - INDEX_US_S&P US_SPX-2021.csv
2021-10-07,"4,383.73","4,429.97","4,383.73","4,399.76",Download Data - INDEX_US_S&P US_SPX-2021.csv
2021-10-08,"4,406.51","4,412.02","4,386.22","4,391.34",Download Data - INDEX_US_S&P US_SPX-2021.csv
2021-10-11,"4,385.44","4,415.88","4,360.59","4,361.19",Download Data - INDEX_US_S&P US_SPX-2021.csv
2021-10-12,"4,368.31","4,374.89","4,342.09","4,350.65",Download Data - INDEX_US_S&P US_SPX-2021.csv
2021-10-13,"4,358.01","4,372.87","4,329.92","4,363.80",Download Data - INDEX_US_S&P US_SPX-2021.csv
2021-10-14,"4,386.75","4,439.73","4,386.75","4,438.26",Download Data - INDEX_US_S&P US_SPX-2021.csv
2021-10-15,"4,447.69","4,475.82","4,447.69","4,471.37",Download Data - INDEX_US_S&P US_SPX-2021.csv
2021-10-18,"4,463.72","4,488.75","4,447.47","4,486.46",Download Data - INDEX_US_S&P US_SPX-2021.csv
2021-10-19,"4,497.34","4,520.40","4,496.41","4,519.63",Download Data - INDEX_US_S&P US_SPX-2021.csv
2021-10-20,"4,524.42","4,540.87","4,524.40","4,536.19",Download Data - INDEX_US_S&P US_SPX-2021.csv
2021-10-21,"4,532.24","4,551.44","4,526.89","4,549.78",Download Data - INDEX_US_S&P US_SPX-2021.csv
2021-10-22,"4,546.12","4,559.67","4,524.00","4,544.90",Download Data - INDEX_US_S&P US_SPX-2021.csv
2021-10-25,"4,553.69","4,572.62","4,537.36","4,566.48",Download Data - INDEX_US_S&P US_SPX-2021.csv
2021-10-26,"4,578.69","4,598.53","4,569.17","4,574.79",Download Data - INDEX_US_S&P US_SPX-2021.csv
2021-10-27,"4,580.22","4,584.57","4,551.66","4,551.68",Download Data - INDEX_US_S&P US_SPX-2021.csv
2021-10-28,"4,562.84","4,597.55","4,562.84","4,596.42",Download Data - INDEX_US_S&P US_SPX-2021.csv
2021-10-29,"4,572.87","4,608.08","4,567.59","4,605.38",Download Data - INDEX_US_S&P US_SPX-2021.csv
2021-11-01,"4,610.62","4,620.34","4,595.06","4,613.67",Download Data - INDEX_US_S&P US_SPX-2021.csv
2021-11-02,"4,613.34","4,635.15","4,613.34","4,630.65",Download Data - INDEX_US_S&P US_SPX-2021.csv
2021-11-03,"4,630.65","4,663.46","4,621.19","4,660.57",Download Data - INDEX_US_S&P US_SPX-2021.csv
2021-11-04,"4,662.93","4,683.00","4,662.59","4,680.06",Download Data - INDEX_US_S&P US_SPX-2021.csv
2021-11-05,"4,699.26","4,718.50","4,681.32","4,697.53",Download Data - INDEX_US_S&P US_SPX-2021.csv
2021-11-08,"4,701.48","4,714.92","4,694.39","4,701.70",Download Data - INDEX_US_S&P US_SPX-2021.csv
2021-11-09,"4,707.25","4,708.53","4,670.87","4,685.25",Download Data - INDEX_US_S&P US_SPX-2021.csv
2021-11-10,"4,670.26","4,684.85","4,630.86","4,646.71",Download Data - INDEX_US_S&P US_SPX-2021.csv
2021-11-11,"4,659.39","4,664.55","4,648.31","4,649.27",Download Data - INDEX_US_S&P US_SPX-2021.csv
2021-11-12,"4,655.24","4,688.47","4,650.77","4,682.85",Download Data - INDEX_US_S&P US_SPX-2021.csv
2021-11-15,"4,689.30","4,697.42","4,672.86","4,682.80",Download Data - INDEX_US_S&P US_SPX-2021.csv
2021-11-16,"4,679.42","4,714.95","4,679.42","4,700.90",Download Data - INDEX_US_S&P US_SPX-2021.csv
2021-11-17,"4,701.50","4,701.50","4,684.41","4,688.67",Download Data - INDEX_US_S&P US_SPX-2021.csv
2021-11-18,"4,700.72","4,708.80","4,672.78","4,704.54",Download Data - INDEX_US_S&P US_SPX-2021.csv
2021-11-19,"4,708.44","4,717.75","4,694.22","4,697.96",Download Data - INDEX_US_S&P US_SPX-2021.csv
2021-11-22,"4,712.00","4,743.83","4,682.17","4,682.94",Download Data - INDEX_US_S&P US_SPX-2021.csv
2021-11-23,"4,678.48","4,699.39","4,652.66","4,690.70",Download Data - INDEX_US_S&P US_SPX-2021.csv
2021-11-24,"4,675.78","4,702.87","4,659.89","4,701.46",Download Data - INDEX_US_S&P US_SPX-2021.csv
2021-11-26,"4,664.63","4,664.63","4,585.43","4,594.62",Download Data - INDEX_US_S&P US_SPX-2021.csv
2021-11-29,"4,628.75","4,672.95","4,625.26","4,655.27",Download Data - INDEX_US_S&P US_SPX-2021.csv
2021-11-30,"4,640.25","4,646.02","4,560.00","4,567.00",Download Data - INDEX_US_S&P US_SPX-2021.csv
2021-12-01,"4,602.82","4,652.94","4,510.27","4,513.04",Download Data - INDEX_US_S&P US_SPX-2021.csv
2021-12-02,"4,504.73","4,595.46","4,504.73","4,577.10",Download Data - INDEX_US_S&P US_SPX-2021.csv
2021-12-03,"4,589.49","4,608.03","4,495.12","4,538.43",Download Data - INDEX_US_S&P US_SPX-2021.csv
2021-12-06,"4,548.37","4,612.60","4,540.51","4,591.67",Download Data - INDEX_US_S&P US_SPX-2021.csv
2021-12-07,"4,631.97","4,694.04","4,631.97","4,686.75",Download Data - INDEX_US_S&P US_SPX-2021.csv
2021-12-08,"4,690.86","4,705.06","4,674.52","4,701.21",Download Data - INDEX_US_S&P US_SPX-2021.csv
2021-12-09,"4,691.00","4,695.26","4,665.98","4,667.45",Download Data - INDEX_US_S&P US_SPX-2021.csv
2021-12-10,"4,687.64","4,713.57","4,670.24","4,712.02",Download Data - INDEX_US_S&P US_SPX-2021.csv
2021-12-13,"4,710.30","4,710.30","4,667.60","4,668.97",Download Data - INDEX_US_S&P US_SPX-2021.csv
2021-12-14,"4,642.99","4,660.47","4,606.52","4,634.09",Download Data - INDEX_US_S&P US_SPX-2021.csv
2021-12-15,"4,636.46","4,712.60","4,611.22","4,709.85",Download Data - INDEX_US_S&P US_SPX-2021.csv
2021-12-16,"4,719.13","4,731.99","4,651.89","4,668.67",Download Data - INDEX_US_S&P US_SPX-2021.csv
2021-12-17,"4,652.50","4,666.70","4,600.22","4,620.64",Download Data - INDEX_US_S&P US_SPX-2021.csv
2021-12-20,"4,587.90","4,587.90","4,531.10","4,568.02",Download Data - INDEX_US_S&P US_SPX-2021.csv
2021-12-21,"4,594.96","4,651.14","4,583.16","4,649.23",Download Data - INDEX_US_S&P US_SPX-2021.csv
2021-12-22,"4,650.36","4,697.67","4,645.53","4,696.56",Download Data - INDEX_US_S&P US_SPX-2021.csv
2021-12-23,"4,703.96","4,740.74","4,703.96","4,725.79",Download Data - INDEX_US_S&P US_SPX-2021.csv
2021-12-27,"4,733.99","4,791.49","4,733.99","4,791.19",Download Data - INDEX_US_S&P US_SPX-2021.csv
2021-12-28,"4,795.49","4,807.02","4,780.04","4,786.35",Download Data - INDEX_US_S&P US_SPX-2021.csv
2021-12-29,"4,788.64","4,804.06","4,778.08","4,793.06",Download Data - INDEX_US_S&P US_SPX-2021.csv
2021-12-30,"4,794.23","4,808.93","4,775.33","4,778.73",Download Data - INDEX_US_S&P US_SPX-2021.csv
2021-12-31,"4,775.21","4,786.83","4,765.75","4,766.18",Download Data - INDEX_US_S&P US_SPX-2021.csv
2022-01-03,"4,778.14","4,796.64","4,758.17","4,796.56",Download Data - INDEX_US_S&P US_SPX-2021.csv
